FECHA,AGUASCALIENTES,BAJA CALIFORNIA,BAJA CALIFORNIA SUR,CAMPECHE,CHIAPAS,CHIHUAHUA,DISTRITO FEDERAL,COAHUILA,COLIMA,DURANGO,GUANAJUATO,GUERRERO,HIDALGO,JALISCO,MEXICO,MICHOACAN,MORELOS,NAYARIT,NUEVO LEON,OAXACA,PUEBLA,QUERETARO,QUINTANA ROO,SAN LUIS POTOSI,SINALOA,SONORA,TABASCO,TAMAULIPAS,TLAXCALA,VERACRUZ,YUCATAN,ZACATECAS,Nacional
26/02/2020,0,0,0,0,0,0,0,0,0,0,0,0,0,0,0,0,0,0,0,0,0,0,0,0,0,0,0,0,0,0,0,0,0
27/02/2020,0,0,0,0,0,0,2,0,0,0,0,0,1,0,1,0,0,0,0,0,0,0,0,0,0,0,0,0,0,0,0,0,4
28/02/2020,0,0,0,0,0,0,0,1,0,0,0,0,0,0,1,0,0,0,0,0,0,0,0,0,0,0,0,0,0,0,0,0,2
29/02/2020,0,0,0,0,1,0,0,0,0,0,0,0,0,0,1,0,0,0,0,0,0,0,0,0,0,0,0,0,0,0,0,0,2
01/03/2020,0,0,0,0,0,0,0,0,0,0,1,0,0,0,0,0,0,0,0,1,0,0,0,0,0,0,0,0,0,0,0,0,2
02/03/2020,0,0,0,0,0,0,0,0,0,0,3,0,0,0,2,0,0,0,0,0,0,0,0,0,0,0,0,0,0,0,0,0,5
03/03/2020,0,0,0,0,0,0,1,1,0,0,3,0,0,0,2,0,0,1,0,0,0,0,0,0,0,0,0,0,0,0,0,1,9
04/03/2020,0,0,0,0,0,0,3,0,0,0,3,0,0,0,2,0,0,0,1,0,0,0,0,0,0,0,1,0,0,0,0,0,10
05/03/2020,0,0,0,0,0,0,5,0,0,0,4,0,0,0,1,0,0,0,0,0,0,0,0,0,0,0,0,0,0,0,0,1,11
06/03/2020,0,0,0,0,0,0,1,0,0,0,4,0,0,0,0,0,0,0,0,0,0,0,0,0,0,0,0,0,1,0,0,0,6
07/03/2020,0,0,0,0,0,0,2,0,0,0,4,0,0,0,0,0,0,0,0,0,0,0,0,0,0,0,0,0,1,0,0,0,7
08/03/2020,0,0,0,1,0,0,3,0,0,0,2,0,0,0,2,0,0,0,0,0,0,0,0,0,0,0,0,0,0,0,0,0,8
09/03/2020,0,0,0,0,0,0,2,0,0,0,1,0,0,0,1,0,1,0,0,0,0,0,0,0,0,0,0,0,0,0,0,0,5
10/03/2020,0,0,0,0,0,0,3,0,0,0,1,0,0,0,5,0,0,0,4,0,0,2,0,0,0,0,0,0,0,0,0,2,17
11/03/2020,0,1,0,0,0,0,16,2,0,1,4,0,0,1,3,0,0,0,5,0,1,1,2,0,0,0,0,0,0,0,0,2,39
12/03/2020,0,0,0,1,0,0,23,0,0,0,0,0,0,3,4,0,0,0,1,1,2,1,1,0,0,0,0,0,1,0,1,2,41
13/03/2020,0,0,0,0,0,1,26,1,0,1,1,2,0,3,11,0,0,1,6,2,4,3,0,1,1,1,0,0,1,0,0,0,66
14/03/2020,1,0,0,1,0,1,23,0,1,1,0,0,0,5,4,0,1,0,6,0,3,1,4,0,0,0,0,0,0,0,0,0,52
15/03/2020,0,0,0,0,0,0,10,1,0,0,2,0,1,2,10,0,0,0,0,0,3,0,0,0,0,1,0,1,0,2,4,0,37
16/03/2020,0,2,0,0,0,0,28,2,1,0,2,2,0,12,7,0,0,0,6,0,4,0,3,1,2,0,0,1,1,0,2,1,77
17/03/2020,1,3,0,0,0,0,35,2,0,1,6,5,2,6,9,0,1,0,7,0,5,1,4,6,1,2,1,0,0,0,6,0,104
18/03/2020,3,4,1,0,1,1,31,2,0,1,12,1,0,17,5,1,1,1,12,0,6,2,2,1,0,1,3,0,0,7,0,0,116
19/03/2020,1,5,0,0,0,2,64,3,0,0,1,0,0,11,25,1,0,1,4,1,7,3,5,3,2,0,2,1,0,5,2,2,151
20/03/2020,2,6,1,0,0,3,36,4,0,0,5,0,3,5,26,2,1,0,12,1,5,0,1,3,1,1,2,1,0,2,6,3,132
21/03/2020,1,3,1,0,0,2,22,0,0,1,12,1,3,1,12,5,1,0,4,1,4,1,3,4,0,1,0,0,0,1,0,1,85
22/03/2020,1,2,0,0,0,3,16,0,0,0,4,1,0,3,16,0,0,0,4,1,2,0,4,1,1,0,0,2,0,0,8,1,70
23/03/2020,4,10,4,1,3,0,46,3,0,1,7,1,1,9,24,4,2,2,5,2,8,3,3,2,4,3,3,1,1,4,6,1,168
24/03/2020,0,9,2,0,0,1,62,6,1,1,1,0,1,8,46,3,3,3,5,1,16,5,7,0,7,5,12,1,1,3,9,1,220
25/03/2020,17,7,0,0,2,3,46,1,0,1,4,3,5,7,36,2,0,0,2,3,6,2,10,1,8,5,3,0,0,6,5,0,185
26/03/2020,4,12,2,0,0,4,71,4,0,0,9,4,4,7,46,3,2,0,1,3,16,1,10,1,9,1,5,0,0,5,0,0,224
27/03/2020,6,17,4,3,5,2,63,5,0,0,7,3,4,7,56,1,1,0,8,1,11,4,7,8,10,6,11,1,1,3,3,4,262
28/03/2020,5,7,4,0,1,2,62,5,0,0,4,3,0,2,39,1,3,1,2,1,14,2,7,1,7,4,2,3,2,1,5,1,191
29/03/2020,3,24,2,1,0,5,39,10,0,0,1,1,2,2,26,3,1,0,3,2,6,1,3,6,7,0,9,3,0,2,4,0,166
30/03/2020,4,30,14,0,2,7,82,20,1,4,5,2,7,8,59,0,3,0,5,2,18,1,22,3,12,1,10,4,1,6,10,2,345
31/03/2020,1,45,7,0,2,7,58,14,1,2,7,5,7,7,39,4,1,2,0,6,27,4,15,2,16,5,11,5,1,6,4,0,311
01/04/2020,0,69,6,0,4,11,70,23,2,1,1,3,5,3,70,5,3,0,0,2,20,4,24,0,14,1,8,9,5,10,9,0,382
02/04/2020,1,33,11,2,2,9,85,23,0,0,2,1,1,8,57,1,9,0,6,0,23,1,13,0,29,3,15,1,1,6,3,1,347
03/04/2020,2,43,16,1,5,6,99,28,0,0,5,1,3,10,67,6,1,1,2,3,15,4,14,0,10,2,21,9,0,8,10,0,392
04/04/2020,0,29,5,0,1,10,64,11,0,1,3,2,2,2,45,2,4,4,3,3,11,1,10,3,14,7,3,3,2,2,2,1,250
05/04/2020,2,21,5,3,1,17,59,4,0,0,4,3,2,2,57,2,3,2,1,2,11,0,11,2,15,2,9,4,6,3,5,1,259
06/04/2020,5,79,23,3,5,16,141,28,0,1,11,8,4,4,110,6,9,2,10,5,27,4,35,3,32,12,8,10,8,7,14,1,631
07/04/2020,2,44,24,0,2,14,144,9,0,0,6,11,3,6,86,6,7,2,8,0,14,5,24,5,25,15,13,7,7,13,13,0,515
08/04/2020,1,63,24,0,6,16,140,19,0,1,9,6,1,9,106,4,11,2,9,5,26,3,29,2,29,16,18,3,6,5,10,2,581
09/04/2020,0,61,22,2,3,16,150,7,0,1,2,7,0,5,88,9,8,2,1,1,17,3,11,4,13,7,11,5,1,13,11,2,483
10/04/2020,3,58,9,1,3,17,174,16,0,0,3,5,7,8,109,3,5,0,23,3,8,2,23,1,34,8,16,11,6,11,5,0,572
11/04/2020,1,35,7,5,1,20,127,9,1,1,7,5,3,5,90,2,2,3,8,2,15,3,20,3,25,6,20,6,8,14,8,2,464
12/04/2020,2,53,6,2,0,17,125,8,2,0,2,12,5,5,94,4,4,4,15,2,6,1,23,0,23,5,28,9,3,9,9,1,479
13/04/2020,9,86,15,3,6,32,293,16,0,0,3,17,8,10,185,13,9,4,20,5,25,9,23,1,52,20,30,15,7,15,22,0,953
14/04/2020,3,119,17,4,6,24,267,18,0,0,4,8,9,4,191,17,14,2,19,4,18,8,17,1,47,6,47,20,7,13,21,1,936
15/04/2020,12,110,5,4,6,30,256,18,1,3,13,5,6,11,214,9,11,2,8,7,29,3,21,2,52,16,39,17,5,33,31,6,985
16/04/2020,7,97,9,5,3,38,269,6,2,2,14,12,6,11,218,8,9,3,12,5,22,8,31,2,42,16,44,26,9,42,14,4,996
17/04/2020,17,112,6,3,10,33,354,13,3,0,30,13,10,14,182,17,13,4,9,8,31,7,34,8,45,15,58,36,6,37,15,2,1145
18/04/2020,14,54,3,6,4,34,213,9,1,2,12,9,6,7,179,7,9,3,6,6,24,3,47,1,35,14,49,17,3,21,10,7,815
19/04/2020,3,65,9,2,7,37,215,9,1,10,10,6,14,5,185,9,18,2,2,3,20,2,25,1,33,7,42,11,10,20,10,1,794
20/04/2020,17,121,7,5,11,58,506,9,1,4,15,17,20,11,298,28,34,1,13,6,32,5,47,1,65,9,74,24,9,36,28,9,1521
21/04/2020,14,121,12,7,10,55,485,24,1,4,10,6,13,17,308,13,22,4,18,5,24,2,44,4,47,15,85,19,12,47,21,2,1471
22/04/2020,11,104,5,7,11,58,466,14,1,3,13,13,16,25,284,13,35,4,17,9,27,7,36,3,56,23,67,30,8,33,22,2,1423
23/04/2020,21,124,9,8,15,71,418,11,3,2,9,19,20,20,309,19,31,6,6,8,32,9,49,5,68,10,63,34,12,53,34,8,1506
24/04/2020,11,107,13,4,13,67,571,16,3,2,13,25,20,32,361,24,37,4,7,17,45,11,25,6,72,20,71,28,15,52,37,5,1734
25/04/2020,1,71,5,7,9,51,312,6,1,5,11,13,23,10,248,27,15,3,6,8,44,1,32,8,55,9,46,41,20,48,24,4,1164
26/04/2020,7,78,7,9,12,39,283,5,0,8,8,18,20,9,271,20,35,6,8,12,25,2,31,3,40,17,41,34,13,32,21,3,1117
27/04/2020,18,124,10,9,20,74,550,25,2,5,25,26,25,23,436,32,51,11,20,10,37,3,45,15,88,35,60,30,14,70,45,4,1942
28/04/2020,32,114,4,7,10,70,619,20,0,3,18,28,28,14,413,30,32,15,28,18,46,10,44,18,52,29,60,42,24,74,49,10,1961
29/04/2020,18,121,4,9,19,78,655,14,0,9,14,32,29,22,397,23,52,7,22,12,52,12,40,9,57,26,49,37,10,78,32,9,1948
30/04/2020,27,95,14,8,14,83,609,20,3,2,16,19,31,26,344,26,43,13,29,12,49,6,34,11,58,40,84,19,16,69,60,4,1884
01/05/2020,4,101,2,7,18,72,408,15,1,6,14,15,26,15,348,24,36,7,27,15,43,8,32,14,60,37,57,32,9,69,26,7,1555
02/05/2020,3,90,8,13,9,64,381,5,0,7,10,41,23,29,291,16,29,15,22,11,43,12,72,14,49,33,52,30,16,68,30,7,1493
03/05/2020,5,96,6,14,14,37,350,5,2,7,12,30,27,16,315,27,50,15,9,15,39,5,31,9,34,26,50,25,7,65,32,2,1377
04/05/2020,50,143,7,21,31,76,792,26,3,4,33,55,38,31,557,43,60,17,40,24,48,10,36,27,82,69,87,44,26,101,53,8,2642
05/05/2020,13,149,12,11,28,101,648,32,4,3,23,38,30,23,425,21,54,23,61,34,37,11,27,16,61,62,72,37,16,112,45,5,2234
06/05/2020,17,128,10,19,35,84,741,35,1,5,31,52,41,24,409,36,58,17,27,26,52,9,41,34,86,46,97,49,23,112,33,11,2389
07/05/2020,24,128,11,13,35,85,782,23,1,11,37,43,39,51,512,30,50,15,25,25,67,15,41,13,69,48,104,47,17,125,36,9,2531
08/05/2020,11,143,9,16,36,73,855,20,2,11,44,41,37,24,494,44,52,6,32,23,57,26,28,26,68,54,83,34,20,113,39,9,2530
09/05/2020,0,77,6,15,23,63,451,10,3,2,27,41,27,28,332,45,30,7,28,15,52,26,21,12,53,53,54,30,20,82,20,4,1657
10/05/2020,5,72,10,9,21,65,419,15,1,1,23,34,28,22,326,25,37,9,20,30,38,19,23,19,44,30,66,22,17,73,26,3,1552
11/05/2020,12,133,7,27,33,83,879,30,2,6,44,52,52,52,691,69,73,20,43,57,79,47,49,31,73,80,118,41,36,143,45,11,3118
12/05/2020,41,129,16,23,47,72,881,31,6,12,53,66,58,40,658,59,60,18,36,66,75,34,38,23,89,76,89,52,38,129,52,3,3070
13/05/2020,16,131,13,19,68,89,925,16,4,10,41,55,47,30,664,100,64,15,68,69,93,29,27,26,83,115,115,43,42,137,63,13,3230
14/05/2020,24,120,8,15,67,89,851,33,12,13,52,79,67,56,621,77,48,19,38,66,109,41,40,35,105,89,128,37,21,178,60,19,3217
15/05/2020,25,150,5,18,82,83,1012,38,4,18,36,66,82,68,763,103,57,16,76,80,109,49,22,27,99,106,149,67,37,198,41,8,3694
16/05/2020,4,75,11,17,40,62,640,16,3,5,34,56,55,20,429,43,29,3,30,66,80,28,19,26,70,71,85,52,30,136,32,3,2270
17/05/2020,7,72,3,15,35,58,416,12,5,9,21,44,27,32,375,27,27,7,12,17,69,17,13,15,67,62,82,19,25,96,49,4,1739
18/05/2020,38,219,11,19,96,95,1134,65,7,18,54,133,81,60,794,67,55,18,48,121,132,46,48,34,152,172,124,65,43,171,55,6,4181
19/05/2020,19,155,15,22,65,81,1079,52,8,8,69,121,70,79,651,67,59,24,39,77,131,62,37,28,110,157,109,53,52,156,55,0,3710
20/05/2020,29,174,17,27,75,89,1095,43,9,23,58,148,78,64,740,102,55,18,61,80,121,42,46,40,127,157,164,65,41,189,59,16,4052
21/05/2020,27,238,8,20,104,112,1017,63,4,21,65,139,96,65,728,79,59,19,36,102,150,38,40,37,120,185,144,76,50,182,71,8,4103
22/05/2020,24,213,15,26,98,81,971,47,8,24,57,131,81,76,789,96,72,26,52,84,176,39,48,55,145,164,144,92,44,182,63,9,4132
23/05/2020,18,69,7,18,55,74,524,43,4,7,53,66,53,45,391,22,34,13,36,85,150,22,40,21,63,137,100,70,28,123,34,11,2416
24/05/2020,10,83,9,15,50,33,399,17,7,16,20,75,40,37,430,35,24,8,28,39,84,12,25,21,85,110,85,41,18,109,31,6,2002
25/05/2020,43,139,17,34,147,102,1092,60,8,27,120,130,92,99,880,119,81,19,84,107,173,53,49,49,179,242,176,123,57,218,56,13,4788
26/05/2020,36,139,14,37,132,75,954,55,7,23,97,115,72,132,746,102,82,30,120,83,162,39,32,39,195,277,208,114,38,201,56,11,4423
27/05/2020,37,132,21,30,128,72,1021,75,5,28,107,126,83,148,824,90,52,34,72,92,188,36,43,59,199,239,219,109,41,191,61,4,4566
28/05/2020,45,124,18,31,142,58,864,62,7,24,142,118,93,132,742,113,62,33,67,126,164,30,49,38,170,267,223,70,45,183,60,8,4310
29/05/2020,45,121,22,20,129,91,980,95,8,34,146,104,74,163,768,127,52,30,71,121,159,38,47,50,194,220,172,85,47,191,47,17,4468
30/05/2020,17,86,13,19,72,29,571,43,6,38,99,63,47,132,455,47,27,22,45,117,121,28,26,24,133,150,105,66,40,144,30,7,2822
31/05/2020,21,77,8,7,72,39,448,37,4,13,70,91,42,87,398,46,32,11,20,49,65,21,22,18,75,127,74,51,25,119,25,5,2199
01/06/2020,65,158,36,38,156,84,1118,110,11,39,184,159,95,238,925,169,67,24,85,155,201,39,45,51,230,247,206,140,65,240,57,16,5453
02/06/2020,54,175,17,24,146,87,948,83,12,41,175,115,80,195,870,126,56,43,96,164,178,50,63,54,186,246,160,98,45,189,48,13,4837
03/06/2020,61,168,16,19,120,63,1016,77,10,36,181,119,66,203,995,149,60,36,77,149,201,46,44,77,218,257,182,94,59,206,52,16,5073
04/06/2020,42,154,22,40,114,51,951,89,8,45,224,131,68,182,854,148,53,27,131,196,215,46,38,79,203,250,190,105,55,240,44,18,5013
05/06/2020,63,153,22,41,129,79,985,100,11,85,172,122,66,223,875,133,59,37,150,185,214,36,39,76,230,263,177,115,47,221,34,17,5159
06/06/2020,24,111,14,25,72,43,558,46,11,23,129,99,54,106,469,74,27,23,79,160,128,30,24,57,159,170,136,87,34,118,45,14,3149
07/06/2020,25,73,20,23,75,29,413,48,4,21,83,71,29,82,484,42,23,17,45,56,100,29,29,49,106,121,110,75,29,109,36,12,2468
08/06/2020,79,177,53,44,140,80,1057,152,13,71,198,152,87,269,1125,189,89,42,206,184,312,54,55,116,220,288,294,140,68,227,89,21,6291
09/06/2020,62,180,38,60,134,61,1017,135,15,70,234,121,110,254,966,197,55,42,156,160,248,45,51,93,252,302,296,132,58,230,70,29,5873
10/06/2020,63,153,48,72,111,73,974,145,12,50,192,147,79,260,968,154,53,33,227,177,252,38,58,84,231,271,318,176,66,231,72,38,5826
11/06/2020,73,151,28,75,100,68,900,140,16,62,211,154,74,233,777,173,60,45,206,156,302,32,55,78,240,278,277,134,53,216,84,20,5471
12/06/2020,53,116,25,36,111,51,936,152,13,55,216,156,99,199,796,199,60,60,251,156,325,42,51,60,304,276,362,237,54,202,66,25,5744
13/06/2020,35,89,22,29,68,27,427,66,11,21,128,86,46,128,423,79,40,26,194,158,189,36,33,31,101,182,180,144,26,145,42,19,3231
14/06/2020,23,94,21,21,66,26,360,46,8,19,85,100,45,109,441,49,31,21,103,74,150,23,52,23,92,152,108,121,31,140,59,9,2702
15/06/2020,81,185,51,102,95,59,945,180,15,73,348,144,82,240,943,203,66,48,292,197,443,59,92,114,202,301,314,253,63,361,102,37,6690
16/06/2020,64,190,30,84,97,83,1008,212,24,93,316,153,73,221,878,198,60,36,219,160,417,43,64,103,214,317,317,299,57,313,99,34,6476
17/06/2020,71,150,46,108,108,58,975,180,16,72,334,113,72,224,811,200,50,42,183,194,425,44,65,114,204,334,309,211,76,254,117,20,6180
18/06/2020,64,148,48,88,97,65,956,201,16,81,326,113,78,235,789,164,42,48,233,180,522,41,68,93,169,279,325,219,56,274,105,23,6146
19/06/2020,71,180,19,99,85,65,899,212,28,53,379,134,89,203,788,243,63,48,208,180,430,28,82,97,175,304,296,223,50,293,112,26,6162
20/06/2020,21,90,34,55,52,39,469,121,11,18,197,53,59,153,434,123,25,30,175,142,222,34,38,51,150,203,195,208,34,193,96,11,3736
21/06/2020,19,64,18,39,44,27,298,77,17,17,116,76,28,109,319,50,18,33,105,57,173,19,54,41,90,171,107,132,35,156,92,9,2610
22/06/2020,73,212,31,108,99,61,904,290,21,75,399,185,75,246,794,219,36,76,301,212,500,50,109,124,223,366,279,339,65,361,146,35,7014
23/06/2020,53,196,46,95,84,61,901,327,23,111,410,120,82,237,658,197,46,49,314,191,420,41,92,132,212,370,278,302,85,303,151,30,6617
24/06/2020,50,181,53,90,100,66,837,259,21,93,397,95,87,203,722,171,61,48,311,172,374,42,82,119,214,356,288,306,76,297,174,24,6369
25/06/2020,65,177,54,93,90,53,855,210,25,70,306,135,85,184,625,155,33,43,314,192,475,39,103,123,143,384,316,386,65,322,190,32,6342
26/06/2020,55,179,41,100,89,86,939,240,27,88,377,125,90,233,731,104,38,50,327,188,377,42,137,107,193,348,262,442,91,334,147,31,6618
27/06/2020,14,110,45,53,44,38,384,179,17,58,208,146,45,155,337,71,16,45,213,140,207,23,64,95,97,214,201,227,28,190,98,17,3779
28/06/2020,10,63,33,50,47,23,343,108,11,38,123,177,42,120,321,31,19,25,177,80,144,25,66,43,87,198,150,170,49,197,72,23,3065
29/06/2020,41,207,66,75,71,81,983,342,22,59,411,251,97,206,870,173,54,61,401,197,369,62,175,137,181,408,394,489,88,357,192,43,7563
30/06/2020,36,202,58,92,55,95,942,290,23,86,427,254,83,238,659,169,35,57,381,183,367,55,151,142,180,487,409,384,95,379,161,54,7229
01/07/2020,79,186,72,71,67,111,1028,317,35,116,417,261,110,218,857,120,42,63,433,227,354,49,128,149,200,445,408,434,81,401,172,45,7696
02/07/2020,77,194,71,95,54,97,888,254,18,63,427,300,93,226,693,122,42,53,353,219,292,63,155,155,156,471,420,373,105,358,164,49,7100
03/07/2020,72,167,63,61,63,82,953,332,34,70,431,272,78,226,714,129,37,60,354,211,286,33,130,171,166,466,344,391,93,387,196,49,7121
04/07/2020,11,73,56,33,42,38,395,203,13,25,226,192,41,149,373,43,15,43,241,172,194,26,76,78,102,225,152,214,30,185,71,23,3760
05/07/2020,9,100,49,38,23,43,253,149,15,21,139,158,33,106,293,33,12,18,201,61,143,36,60,58,91,276,140,193,50,208,74,20,3103
06/07/2020,95,216,89,80,41,92,1009,322,33,74,486,155,103,251,746,141,45,78,538,266,344,54,194,210,159,583,338,435,74,398,177,57,7883
07/07/2020,116,213,112,95,46,93,964,361,36,70,523,154,88,254,646,134,40,65,504,240,361,76,162,196,194,546,385,468,101,450,188,46,7927
08/07/2020,50,215,91,96,35,106,963,301,33,78,507,116,90,225,674,124,31,43,456,207,360,61,174,206,178,507,399,417,61,409,188,52,7453
09/07/2020,40,166,127,99,32,82,760,304,36,105,518,141,76,213,516,117,39,59,494,171,363,67,171,232,167,441,428,403,85,382,189,36,7059
10/07/2020,84,132,117,109,42,133,885,282,60,72,458,138,91,246,720,118,45,79,456,205,335,59,154,273,171,426,348,336,80,333,186,48,7221
11/07/2020,18,62,37,54,21,62,425,117,28,31,192,41,49,155,288,74,17,42,323,123,193,50,88,177,99,269,216,238,42,247,94,55,3927
12/07/2020,28,78,50,62,28,35,272,86,23,26,172,130,50,128,259,47,22,31,244,67,175,32,78,106,102,213,199,145,34,228,94,34,3278
13/07/2020,88,170,128,123,88,130,1083,396,58,105,575,169,122,307,764,149,56,75,587,179,444,85,194,352,196,614,442,435,74,480,214,45,8927
14/07/2020,75,180,120,77,106,102,938,367,59,89,564,166,109,320,647,145,43,53,589,210,439,60,188,355,187,493,458,510,103,455,197,59,8463
15/07/2020,91,185,133,118,51,116,1234,299,49,86,627,136,110,276,776,138,40,64,582,159,433,94,151,422,173,460,456,479,102,543,204,77,8864
16/07/2020,80,161,116,115,58,109,1150,307,72,85,559,171,117,274,651,128,44,66,563,186,414,73,149,366,137,394,410,485,100,417,212,97,8266
17/07/2020,78,145,90,100,42,101,1196,301,53,91,447,123,109,278,684,163,43,60,519,180,412,81,139,409,153,416,449,433,101,402,194,58,8050
18/07/2020,18,87,64,46,21,53,673,163,41,34,236,115,73,182,336,89,16,52,249,119,208,47,72,217,79,211,236,272,54,254,94,42,4453
19/07/2020,13,95,39,51,68,43,277,105,35,17,156,129,57,116,311,52,18,39,194,71,181,33,68,245,61,193,208,227,57,228,86,28,3501
20/07/2020,63,167,156,117,53,117,1167,307,63,102,502,241,183,336,854,191,51,79,572,201,497,81,181,420,148,418,451,448,99,519,262,87,9133
21/07/2020,74,142,109,107,36,111,1174,328,65,112,657,146,149,313,848,177,41,73,587,178,378,75,153,410,145,292,466,418,82,491,237,86,8660
22/07/2020,56,143,115,88,50,134,1218,305,79,94,566,150,131,278,790,168,39,85,517,179,389,76,175,387,130,292,397,399,86,433,259,96,8304
23/07/2020,68,124,142,86,28,131,1128,323,72,88,537,222,135,229,629,204,44,68,612,161,374,70,151,400,140,327,431,361,78,411,242,81,8097
24/07/2020,71,139,107,85,52,110,1081,346,66,67,513,199,131,223,654,187,37,81,547,169,349,58,154,401,131,358,432,400,94,442,258,87,8029
25/07/2020,22,81,66,36,18,54,568,186,37,22,233,101,76,132,307,82,21,31,274,123,247,47,65,246,74,188,214,248,39,217,98,58,4211
26/07/2020,20,64,39,24,26,54,272,112,41,39,187,92,73,137,226,70,22,31,135,58,125,40,60,145,79,191,202,98,42,246,93,27,3070
27/07/2020,69,151,175,71,48,105,1074,440,50,106,608,201,135,335,757,211,58,84,226,175,451,84,186,401,203,405,469,314,112,472,273,78,8527
28/07/2020,63,135,155,83,42,118,1084,388,70,101,642,184,134,245,653,241,51,60,364,151,345,86,146,409,158,442,397,323,90,380,334,128,8202
29/07/2020,57,126,116,71,33,117,1097,329,54,90,489,142,121,243,704,212,49,51,293,171,348,83,156,372,152,422,406,351,92,356,297,74,7674
30/07/2020,57,133,155,67,21,123,1067,337,63,78,548,197,137,228,640,183,57,54,355,139,360,78,122,300,140,435,341,271,85,327,374,104,7576
31/07/2020,70,155,100,61,40,89,951,252,44,86,439,169,133,202,617,184,51,64,341,147,259,79,127,349,106,358,349,211,75,317,234,80,6739
01/08/2020,31,72,66,38,23,73,554,230,26,39,171,130,77,147,321,85,21,38,126,80,152,49,66,206,79,174,181,187,44,175,124,49,3834
02/08/2020,19,65,41,32,18,42,274,73,33,18,151,65,81,113,240,55,18,28,108,39,110,33,71,126,54,132,125,84,21,173,82,39,2563
03/08/2020,72,151,161,53,30,108,880,340,76,109,539,186,151,269,757,205,44,68,373,144,317,96,137,369,169,384,279,322,79,364,210,95,7537
04/08/2020,65,148,146,66,39,125,1045,413,73,79,454,223,138,244,681,192,54,65,411,175,299,91,127,330,132,354,259,291,81,309,193,91,7393
05/08/2020,49,120,152,51,47,114,1033,357,65,87,383,222,162,279,722,199,33,60,381,147,308,73,111,351,120,389,278,246,76,297,182,85,7179
06/08/2020,42,113,123,47,35,101,928,364,69,104,364,162,136,251,583,203,50,50,355,115,331,105,107,341,127,326,288,268,63,259,170,98,6678
07/08/2020,41,113,109,27,18,114,1006,347,58,67,434,141,143,249,621,212,48,50,407,100,268,85,99,294,114,315,250,304,61,284,162,89,6630
08/08/2020,22,64,82,17,12,75,481,211,33,26,186,65,102,128,279,96,15,44,211,104,177,43,40,181,72,219,111,215,34,127,118,92,3682
09/08/2020,20,46,43,16,16,44,203,86,35,22,113,43,71,122,220,71,21,38,164,29,104,36,54,113,62,152,89,118,19,118,96,58,2442
10/08/2020,82,179,141,42,29,96,905,391,70,99,439,180,128,271,743,265,58,69,384,131,297,122,142,306,137,315,258,319,85,325,154,109,7271
11/08/2020,48,119,121,29,21,130,1049,387,71,125,446,134,139,238,584,263,57,56,371,111,294,92,92,258,119,276,256,336,58,249,180,172,6881
12/08/2020,67,113,126,38,19,98,1042,293,79,92,438,107,135,240,638,218,46,73,372,124,266,96,99,279,122,259,196,234,66,259,132,135,6501
13/08/2020,56,111,142,38,35,120,1019,309,72,101,454,151,152,242,618,169,48,69,402,135,249,70,75,257,127,245,216,235,73,249,149,68,6456
14/08/2020,54,100,130,14,21,115,1051,309,80,92,397,114,128,209,567,216,46,55,354,122,233,103,76,272,117,295,214,229,48,203,179,76,6219
15/08/2020,11,41,55,12,9,60,485,216,41,17,170,81,79,122,285,93,22,39,204,94,135,64,47,147,59,105,111,126,34,127,101,63,3255
16/08/2020,35,49,47,14,11,40,198,137,42,19,110,47,72,117,181,69,11,25,161,34,86,52,55,156,43,87,84,87,18,111,93,49,2340
17/08/2020,99,169,142,31,27,106,1020,291,73,119,368,140,112,312,676,291,57,55,429,123,256,100,108,323,138,287,200,244,75,276,175,81,6903
18/08/2020,80,128,138,44,22,103,1201,296,62,117,364,126,104,258,636,249,52,59,389,137,229,85,73,291,133,293,196,233,55,255,223,101,6732
19/08/2020,69,123,96,34,21,116,1145,317,75,72,443,141,123,228,507,230,32,50,422,94,215,121,66,282,141,232,251,165,44,218,138,88,6299
20/08/2020,64,137,36,25,29,114,985,301,83,104,425,106,140,237,525,248,52,35,397,94,192,93,77,265,124,264,167,192,76,174,175,95,6031
21/08/2020,56,99,78,62,36,105,1099,397,70,102,480,90,127,206,618,214,27,47,330,109,194,91,83,289,114,255,190,261,61,174,150,93,6307
22/08/2020,31,46,75,14,14,57,520,157,45,35,161,65,73,126,250,85,18,31,232,82,141,53,27,162,53,193,82,94,32,97,63,49,3163
23/08/2020,36,46,49,11,9,41,291,107,45,26,152,61,71,111,218,71,8,22,147,29,81,30,39,101,56,72,81,67,18,105,110,45,2356
24/08/2020,87,150,142,33,14,123,1104,317,78,135,517,124,163,272,638,301,52,86,429,153,266,136,120,319,117,264,148,186,88,257,185,95,7099
25/08/2020,76,110,99,30,23,141,1096,278,84,107,423,145,141,264,647,243,48,52,547,101,223,136,74,269,132,274,189,161,70,235,168,111,6697
26/08/2020,78,94,106,21,16,181,1465,334,70,118,472,101,120,285,543,238,43,55,540,101,213,140,85,275,141,291,203,187,67,228,139,87,7037
27/08/2020,49,114,121,27,11,128,1280,271,58,106,441,122,112,244,633,221,43,39,536,125,200,115,78,200,113,186,220,168,37,194,251,98,6541
28/08/2020,65,110,68,45,8,103,1307,256,61,112,435,132,103,245,584,234,41,31,484,71,206,106,65,210,108,218,207,181,50,175,221,95,6337
29/08/2020,44,40,52,8,5,67,748,127,34,21,207,42,72,91,238,91,17,21,244,76,88,84,30,113,66,132,110,78,21,111,49,40,3167
30/08/2020,33,38,64,6,7,47,265,54,31,27,157,41,65,117,175,84,9,25,163,23,99,61,48,116,62,54,81,91,20,102,48,32,2245
31/08/2020,99,194,129,33,18,137,1074,234,81,139,570,147,118,329,710,306,56,46,428,103,206,144,95,289,138,242,187,250,47,255,173,67,7044
01/09/2020,67,186,115,17,21,179,1456,237,53,142,472,158,100,254,633,307,34,61,490,126,194,161,79,245,144,244,208,252,38,250,141,91,7155
02/09/2020,67,158,134,28,12,146,1501,202,47,173,383,174,117,274,667,248,31,38,460,90,179,109,67,275,166,156,184,247,40,255,169,124,6921
03/09/2020,75,164,113,24,14,118,1382,186,37,108,401,154,90,273,586,267,32,48,471,127,176,111,51,219,88,130,119,245,48,202,165,76,6300
04/09/2020,45,125,104,17,15,94,1260,191,43,112,424,165,90,225,590,215,32,30,416,97,167,123,53,202,124,197,148,228,54,201,148,106,6041
05/09/2020,21,65,58,3,9,53,674,96,23,26,124,62,45,101,261,106,18,20,180,102,112,57,28,84,41,92,73,119,45,90,66,52,2906
06/09/2020,26,38,39,7,7,43,265,96,22,35,141,81,47,110,183,87,6,21,135,26,71,45,27,61,49,56,79,67,26,90,73,39,2098
07/09/2020,76,161,135,18,19,141,1009,196,52,126,416,230,105,343,694,259,35,58,441,136,178,112,83,234,118,174,155,225,39,199,185,76,6428
08/09/2020,54,127,126,12,15,123,1397,199,47,110,455,181,78,295,680,254,37,44,529,133,156,112,70,200,113,214,134,211,40,224,183,76,6629
09/09/2020,63,115,103,11,18,129,1342,163,31,108,391,162,113,278,573,239,34,39,450,151,177,107,48,184,97,207,82,184,27,212,149,78,6065
10/09/2020,56,109,83,10,26,109,1240,153,42,101,425,159,81,239,636,261,39,32,330,124,173,67,46,184,98,143,123,162,31,177,145,103,5707
11/09/2020,47,112,93,32,10,116,1215,137,48,117,409,184,103,226,583,183,21,28,341,82,126,91,30,204,113,129,124,167,27,185,135,88,5506
12/09/2020,18,39,65,11,9,59,750,73,21,19,132,88,48,95,252,77,6,12,177,166,73,36,18,66,54,75,93,77,19,81,68,38,2815
13/09/2020,15,33,28,7,4,22,243,70,27,23,121,77,50,126,193,73,13,29,126,35,51,42,15,69,38,63,86,41,19,85,58,36,1918
14/09/2020,71,117,99,14,18,126,1006,187,50,98,499,205,107,328,671,249,43,47,498,135,181,105,67,248,137,217,149,170,55,207,98,71,6273
15/09/2020,22,53,91,3,13,123,799,122,47,77,261,193,74,187,430,215,27,22,306,147,121,72,41,137,57,137,134,143,36,77,117,88,4372
16/09/2020,31,34,55,4,3,76,239,100,24,15,155,69,60,118,194,90,12,19,211,123,75,32,25,69,34,92,51,57,11,92,37,44,2251
17/09/2020,86,126,89,10,20,115,1309,198,45,108,309,190,93,331,688,235,39,50,540,158,174,86,57,188,118,177,158,155,56,240,159,109,6416
18/09/2020,54,104,114,41,14,159,1180,151,65,119,302,158,92,251,632,177,26,42,439,89,138,75,56,209,120,145,135,139,24,177,119,68,5614
19/09/2020,37,40,64,3,9,63,666,87,39,21,110,88,44,120,221,80,12,26,228,116,82,57,35,94,65,94,66,66,20,69,67,33,2822
20/09/2020,39,38,19,6,4,66,273,47,36,31,85,49,35,104,222,55,15,21,172,32,56,44,31,64,27,33,54,50,14,80,46,17,1865
21/09/2020,77,98,107,22,22,183,1000,212,58,151,291,191,122,339,680,235,42,45,535,169,183,118,77,227,129,167,125,192,38,273,140,75,6323
22/09/2020,70,105,84,6,14,153,1272,182,76,108,277,196,111,342,553,206,36,43,517,153,173,108,70,219,124,204,130,186,46,178,141,94,6177
23/09/2020,76,107,84,14,13,146,1234,175,57,109,208,209,85,307,625,217,29,34,468,142,126,117,55,202,110,190,144,121,48,174,139,69,5834
24/09/2020,76,79,82,15,16,119,1186,168,73,96,260,156,83,300,514,187,24,45,465,97,122,95,56,144,88,157,119,128,28,179,161,90,5408
25/09/2020,48,81,92,17,5,151,1171,164,45,109,219,125,82,295,608,189,32,20,413,111,148,89,64,167,82,151,109,152,21,141,107,79,5287
26/09/2020,26,28,57,9,9,57,766,125,37,15,83,64,52,94,226,75,10,15,213,110,83,51,33,80,35,76,48,66,6,58,31,33,2671
27/09/2020,25,29,19,5,12,58,318,64,25,22,76,63,25,104,166,59,2,14,153,44,65,40,26,57,42,44,69,53,9,72,55,25,1840
28/09/2020,98,113,94,16,17,195,1147,192,75,121,321,176,90,301,595,231,32,40,601,184,157,124,100,179,134,208,144,170,28,214,126,81,6304
29/09/2020,95,100,98,14,15,220,1243,244,70,112,246,194,85,358,541,213,41,39,482,161,98,111,54,130,110,212,120,164,38,132,111,113,5964
30/09/2020,88,129,79,13,11,201,1231,221,74,128,280,167,81,306,523,148,24,24,384,115,111,116,60,165,96,180,94,133,34,148,113,81,5558
01/10/2020,54,109,84,14,16,204,1192,196,54,114,274,115,77,255,530,161,48,37,387,132,128,128,61,129,91,179,59,113,22,135,107,88,5293
02/10/2020,64,84,71,20,12,244,1069,200,55,119,304,117,76,234,427,143,31,24,364,107,147,110,59,172,95,175,69,84,22,120,95,93,5006
03/10/2020,17,49,43,0,5,109,560,127,35,16,59,57,50,115,198,87,13,10,233,105,48,59,20,79,42,58,49,69,14,65,28,39,2458
04/10/2020,41,31,27,5,3,85,241,106,21,23,62,55,47,84,155,40,11,16,154,60,55,45,19,68,24,52,46,33,5,53,44,58,1769
05/10/2020,94,142,100,18,14,355,1047,258,57,162,207,176,83,270,435,166,65,35,581,131,147,123,85,208,110,218,82,147,16,188,130,84,5934
06/10/2020,86,138,82,7,11,352,1233,322,64,146,213,133,89,274,404,177,48,20,551,156,126,113,57,216,130,185,107,129,22,160,102,103,5956
07/10/2020,71,131,69,13,8,352,1247,246,56,203,269,151,106,300,435,148,45,25,578,148,137,118,20,210,91,141,60,126,20,130,26,95,5775
08/10/2020,80,91,89,7,9,408,1202,236,72,180,274,126,79,228,391,132,45,25,478,125,106,131,49,191,100,131,90,102,24,135,74,103,5513
09/10/2020,67,75,94,19,8,448,1210,250,75,175,278,102,68,243,370,119,25,34,503,132,127,162,59,233,98,108,110,98,26,146,100,104,5666
10/10/2020,20,44,49,2,8,328,557,159,32,29,92,51,39,96,212,73,21,15,290,135,71,82,27,157,53,72,60,62,18,48,46,93,3041
11/10/2020,55,37,22,1,4,182,311,107,28,36,86,38,48,120,155,49,15,17,202,57,45,75,26,92,47,55,53,36,11,61,53,94,2218
12/10/2020,107,132,111,13,18,432,1257,319,49,287,313,134,99,320,472,217,54,29,700,124,171,200,49,239,131,143,106,124,31,177,139,130,6827
13/10/2020,93,135,94,13,8,688,1382,385,56,213,301,108,88,303,470,185,37,32,605,149,126,208,58,303,124,191,86,152,44,144,175,179,7135
14/10/2020,100,135,76,13,8,756,1230,276,50,199,282,137,105,314,422,136,49,22,503,138,138,192,50,228,113,174,96,106,31,146,109,142,6476
15/10/2020,90,127,96,12,17,633,1350,300,46,261,294,113,119,283,439,144,30,27,510,113,158,220,46,219,95,166,68,98,14,127,112,139,6466
16/10/2020,82,91,117,22,6,642,1528,280,74,224,309,79,98,269,441,158,45,26,534,131,144,204,46,204,107,138,84,107,30,107,133,155,6615
17/10/2020,33,50,57,6,3,455,680,176,36,61,109,27,54,142,219,59,14,16,296,77,79,112,19,102,63,70,42,56,17,50,76,98,3354
18/10/2020,48,51,23,2,1,261,338,164,27,53,105,26,68,123,183,45,12,12,190,38,56,91,12,103,35,76,40,41,15,45,34,51,2369
19/10/2020,148,155,114,18,16,782,1876,407,43,332,391,117,131,404,519,183,31,35,550,127,190,295,45,280,116,211,71,144,26,183,132,161,8233
20/10/2020,94,144,92,10,4,916,1993,432,49,326,452,94,115,348,552,216,39,32,515,112,157,233,55,323,119,159,73,218,35,112,196,179,8394
21/10/2020,114,147,102,5,7,641,1753,414,39,352,428,88,118,324,437,144,39,21,560,133,143,179,31,243,104,166,73,154,27,83,163,188,7420
22/10/2020,120,135,81,16,10,641,1784,430,36,338,384,94,103,275,509,146,35,15,431,112,147,226,38,218,120,184,77,128,29,120,142,172,7296
23/10/2020,122,153,97,10,6,574,1894,409,36,300,409,60,110,232,510,109,34,10,503,102,173,200,30,238,127,160,79,138,32,101,109,168,7235
24/10/2020,56,46,58,2,3,334,789,233,21,96,159,30,81,124,180,54,18,8,267,94,96,142,23,138,44,50,36,83,19,46,53,120,3503
25/10/2020,42,42,21,4,5,281,330,169,16,85,125,36,64,100,186,48,8,12,182,65,70,108,19,95,47,52,36,73,10,33,43,67,2474
26/10/2020,197,165,112,31,8,721,1990,391,39,382,546,90,147,369,560,164,43,23,530,113,166,269,37,214,130,231,84,184,34,152,104,185,8411
27/10/2020,185,125,95,14,9,627,1928,383,52,431,569,61,109,299,551,162,41,31,486,141,152,236,43,253,124,144,114,174,27,119,35,229,7949
28/10/2020,160,120,87,18,5,496,1953,341,38,343,440,47,120,308,521,148,24,21,444,82,145,210,53,206,108,130,111,100,28,117,86,175,7185
29/10/2020,173,88,85,7,8,484,1708,372,35,312,423,71,136,272,542,141,25,12,466,102,169,217,24,230,71,118,78,98,24,95,100,187,6873
30/10/2020,160,95,66,19,3,509,1545,319,34,278,401,59,105,240,513,121,20,14,441,98,149,196,46,161,77,150,21,105,22,89,71,157,6284
31/10/2020,61,51,35,1,1,253,703,173,19,74,141,30,50,157,205,45,13,8,222,56,73,164,23,114,33,43,38,51,15,31,43,93,3019
01/11/2020,50,46,25,0,1,261,313,103,18,61,137,19,58,95,185,38,12,9,165,33,46,106,13,80,30,41,33,38,26,41,30,59,2172
02/11/2020,198,148,86,9,4,386,673,324,30,261,255,30,101,290,356,101,43,22,490,49,115,267,35,156,82,139,42,109,33,107,64,166,5171
03/11/2020,207,131,69,5,4,481,2171,411,29,343,486,87,133,324,602,144,46,25,555,149,180,250,41,196,84,220,103,135,36,119,87,234,8087
04/11/2020,186,149,82,20,3,502,2006,355,34,385,477,56,118,284,524,164,34,17,541,117,145,281,32,226,107,178,104,116,29,81,73,211,7637
05/11/2020,164,99,72,7,4,463,1966,346,30,308,500,68,135,276,484,136,42,25,593,89,141,299,25,236,117,226,113,129,23,123,69,249,7557
06/11/2020,177,118,58,5,4,370,1775,362,24,266,476,48,93,268,510,108,38,17,780,106,159,283,31,189,73,151,82,111,40,91,81,204,7098
07/11/2020,50,65,29,6,2,185,832,206,19,78,190,31,61,95,265,46,20,14,415,73,92,174,16,135,39,69,50,62,20,46,39,121,3545
08/11/2020,69,53,25,5,2,162,358,145,13,76,179,22,78,92,238,52,13,11,288,29,50,200,17,59,34,85,30,69,19,35,44,100,2652
09/11/2020,268,154,114,12,7,402,2420,411,30,351,551,80,147,333,667,155,59,18,708,158,187,297,30,311,120,227,138,173,39,145,70,192,8974
10/11/2020,219,108,85,8,10,402,2343,497,32,319,602,62,156,312,688,166,70,28,726,141,158,329,36,281,101,226,109,150,44,142,120,269,8939
11/11/2020,194,129,77,12,16,374,2144,455,29,292,602,71,121,321,689,130,50,18,617,123,202,365,27,248,107,253,101,121,35,108,78,249,8358
12/11/2020,197,99,93,12,19,460,2033,394,10,314,567,68,127,282,590,142,41,14,619,119,197,322,24,307,83,223,124,111,42,111,152,255,8151
13/11/2020,157,98,65,19,4,338,2033,346,12,283,588,45,118,296,555,133,45,19,629,105,162,265,35,228,73,192,129,129,45,90,71,274,7581
14/11/2020,56,71,31,3,3,189,935,216,3,140,290,25,65,133,304,47,17,8,371,77,109,185,15,133,45,79,58,70,35,42,47,106,3908
15/11/2020,49,61,21,6,1,117,442,124,7,47,146,16,74,112,222,33,16,5,289,75,73,225,12,94,25,62,33,57,15,45,38,99,2641
16/11/2020,81,75,31,5,5,192,459,188,6,133,244,34,101,184,278,68,13,7,270,76,81,134,13,111,33,126,40,86,33,46,34,126,3313
17/11/2020,280,195,85,12,16,388,2521,390,30,391,770,68,169,357,781,185,56,20,602,126,241,328,31,284,118,292,138,225,71,143,87,225,9625
18/11/2020,244,235,92,22,16,310,2174,382,35,324,684,64,128,379,718,145,52,17,515,111,186,348,44,270,99,254,114,222,68,92,115,260,8719
19/11/2020,216,222,91,4,12,303,2004,312,24,285,727,49,125,340,613,145,50,17,564,101,220,296,21,276,96,262,123,169,40,103,103,302,8215
20/11/2020,192,212,72,19,13,336,2158,325,14,299,744,62,135,281,701,102,38,13,579,74,166,364,44,254,105,280,131,172,44,85,120,261,8395
21/11/2020,45,129,39,2,1,148,1245,179,15,71,300,31,61,155,342,56,21,5,291,69,113,211,14,111,45,111,91,82,22,41,79,95,4220
22/11/2020,59,107,30,6,5,93,472,118,6,77,187,22,84,133,270,50,6,19,185,52,71,202,13,72,20,92,60,73,22,33,61,85,2785
23/11/2020,285,348,102,25,15,239,2878,309,26,369,838,113,188,448,878,139,70,24,547,118,217,490,57,252,90,403,140,172,31,151,160,239,10361
24/11/2020,238,318,102,12,7,255,2998,342,23,351,940,87,156,357,879,179,57,33,493,108,228,439,55,331,106,351,144,173,30,114,104,277,10287
25/11/2020,193,328,87,27,6,225,2768,314,20,232,809,63,184,413,848,151,55,18,527,106,215,389,54,264,64,355,186,147,26,97,132,283,9586
26/11/2020,168,319,96,22,11,225,2849,295,24,301,870,66,187,385,832,158,58,20,533,95,210,432,50,237,78,319,128,140,25,119,113,235,9600
27/11/2020,145,277,75,13,9,170,3117,324,21,286,845,111,161,332,908,144,35,21,494,74,233,377,63,229,89,284,162,161,37,124,66,231,9618
28/11/2020,46,121,46,3,4,91,1669,129,14,42,351,26,66,199,455,72,29,12,316,80,160,244,16,136,36,127,90,80,22,53,53,108,4896
29/11/2020,55,113,32,1,4,76,608,123,15,77,244,24,67,121,300,49,31,8,160,30,73,229,15,77,30,104,98,65,16,49,35,84,3013
30/11/2020,226,337,115,19,15,178,3781,290,24,268,792,78,178,399,1006,177,79,22,540,164,242,415,56,253,98,340,187,154,48,165,95,193,10934
01/12/2020,203,397,124,15,21,172,4083,342,22,247,952,83,156,421,1109,191,89,21,500,136,270,406,64,255,103,386,174,132,46,94,102,317,11633
02/12/2020,158,304,108,17,17,127,4402,280,26,233,837,70,182,432,1151,193,65,29,423,156,284,449,59,216,76,373,199,129,39,110,114,208,11466
03/12/2020,137,292,90,14,19,115,4460,325,26,198,813,70,206,378,1186,136,70,29,412,145,262,416,59,207,80,335,192,148,32,78,110,179,11219
04/12/2020,115,267,100,19,23,101,4654,299,16,169,713,54,174,319,1250,147,42,16,376,130,249,352,43,198,95,305,165,125,40,91,78,190,10915
05/12/2020,40,163,46,6,7,60,2812,120,16,20,265,48,84,150,633,48,28,12,226,90,174,263,21,107,26,187,103,55,32,39,41,76,5998
06/12/2020,47,114,22,2,4,43,787,87,11,27,204,39,110,134,390,51,20,11,125,54,84,228,19,69,13,180,94,53,12,44,42,58,3178
07/12/2020,148,355,111,18,21,107,5355,270,25,190,871,110,195,397,1593,189,68,25,507,164,284,394,59,189,96,473,256,157,89,119,88,187,13110
08/12/2020,136,379,119,12,22,135,5094,331,22,193,918,87,215,357,1601,176,98,14,605,129,241,407,44,270,79,388,291,169,49,129,100,197,13007
09/12/2020,114,332,100,21,21,134,5081,277,25,150,862,80,194,381,1428,147,85,27,584,150,318,385,47,192,64,436,323,142,47,113,87,155,12502
10/12/2020,101,322,140,5,27,104,5314,302,21,146,931,94,223,351,1414,171,95,20,582,124,267,443,36,184,80,340,279,165,67,135,83,190,12756
11/12/2020,95,318,116,27,26,76,5173,248,17,144,687,82,178,364,1439,174,67,23,614,190,292,519,70,219,95,385,258,175,64,102,100,162,12499
12/12/2020,26,159,75,9,4,60,2925,148,16,32,351,56,122,234,831,74,30,11,377,113,189,218,23,95,38,213,173,99,34,60,48,59,6902
13/12/2020,27,142,27,3,15,41,715,92,16,30,212,52,102,143,395,51,22,8,264,34,106,214,22,69,30,138,174,87,25,49,50,67,3422
14/12/2020,118,361,153,36,34,102,5455,329,24,183,993,149,239,447,1726,233,86,32,726,185,314,471,68,250,118,455,278,219,108,172,174,143,14381
15/12/2020,117,351,152,18,20,100,5492,337,8,170,879,112,248,372,1714,237,86,28,697,169,325,385,82,273,101,453,273,240,109,167,136,195,14046
16/12/2020,94,333,129,31,29,122,5220,337,30,144,750,103,197,438,1629,198,74,14,625,171,385,442,56,210,96,418,293,239,104,165,120,135,13331
17/12/2020,105,314,138,16,30,104,5200,345,24,141,692,115,210,408,1526,195,78,18,552,184,306,407,60,226,70,389,262,192,75,129,96,193,12800
18/12/2020,100,240,120,24,22,81,5631,239,16,132,634,93,212,333,1515,174,85,28,474,165,324,332,53,194,90,360,262,221,102,113,90,92,12551
19/12/2020,32,123,67,2,13,43,2982,151,18,20,307,23,97,155,698,76,40,11,283,144,220,174,28,102,44,242,161,119,49,63,46,83,6616
20/12/2020,29,142,26,6,10,61,823,128,15,20,293,32,112,189,431,65,40,11,232,73,166,161,24,86,32,165,151,83,47,54,31,61,3799
21/12/2020,132,407,134,21,34,72,5581,305,30,138,817,107,224,500,1687,253,109,32,709,230,436,434,83,292,120,475,310,267,117,179,100,141,14476
22/12/2020,114,318,141,9,26,107,5426,351,27,151,833,90,206,399,1684,228,121,20,690,203,394,333,82,237,90,438,322,260,109,160,117,201,13887
23/12/2020,81,255,126,28,28,103,5243,310,29,121,647,90,174,353,1569,183,121,20,564,251,351,481,45,251,78,388,301,223,96,154,70,89,12823
24/12/2020,47,174,107,21,16,59,4534,211,28,63,436,85,153,333,1395,152,76,21,489,175,343,305,40,149,68,225,269,164,71,107,81,83,10480
25/12/2020,12,93,17,5,5,41,615,55,12,8,156,20,84,167,438,79,31,11,186,58,114,174,15,41,8,100,25,49,31,42,30,13,2735
26/12/2020,36,142,92,11,19,60,1970,147,26,24,303,44,93,240,602,75,61,18,347,197,237,192,57,111,35,276,187,117,65,70,45,34,5933
27/12/2020,40,135,43,3,12,33,1053,150,24,23,292,31,115,253,504,90,69,19,287,83,198,213,35,105,41,205,49,98,37,76,42,39,4397
28/12/2020,127,372,185,32,17,100,6136,328,38,142,899,197,229,577,1955,332,180,47,808,279,488,545,63,220,108,563,370,245,125,261,108,148,16224
29/12/2020,124,327,211,13,24,93,6219,358,41,174,887,152,230,552,1821,304,202,36,829,250,459,517,84,267,127,505,348,308,139,232,107,159,16099
30/12/2020,103,237,214,18,28,75,5657,315,31,133,831,116,253,507,1700,293,243,37,747,262,484,418,90,245,107,484,282,267,134,193,98,126,14728
31/12/2020,57,193,149,16,18,49,4926,275,36,83,601,114,175,374,1363,242,170,29,716,182,350,347,59,178,81,342,248,216,119,162,111,102,12083
01/01/2021,27,118,35,6,10,52,715,76,19,9,187,40,111,203,487,89,54,17,171,54,177,205,24,81,32,132,37,90,42,60,36,17,3413
02/01/2021,54,126,119,5,19,56,1897,182,16,22,306,46,128,319,634,146,217,26,540,246,341,236,49,158,85,251,232,137,96,131,71,57,6948
03/01/2021,41,132,49,5,17,53,1145,176,50,17,304,60,157,290,561,118,224,25,408,110,236,241,50,128,55,193,63,105,66,119,45,31,5274
04/01/2021,131,372,211,40,35,123,6835,432,38,164,884,183,344,709,1970,339,235,79,1189,350,567,652,100,327,157,527,389,346,173,331,137,187,18556
05/01/2021,142,392,277,29,41,113,6754,400,41,180,1069,188,328,753,1951,393,243,59,1169,347,598,479,144,390,156,515,394,313,201,335,183,244,18821
06/01/2021,134,332,267,32,45,132,6679,402,43,150,1085,188,286,857,1913,373,286,57,929,341,659,628,106,393,169,391,345,392,153,314,147,181,18409
07/01/2021,156,345,271,22,58,135,6818,487,69,181,958,187,397,770,1983,298,303,59,1052,332,572,666,119,385,177,402,367,391,164,279,148,215,18766
08/01/2021,149,295,256,40,49,113,6738,445,73,150,989,203,309,923,1914,282,323,69,1023,321,681,608,116,445,185,358,387,397,138,299,150,173,18601
09/01/2021,59,119,109,10,23,56,3943,163,38,28,425,100,187,384,819,109,261,51,523,245,478,289,59,243,102,190,212,194,109,166,69,79,9842
10/01/2021,45,104,62,6,26,47,1353,130,43,31,386,87,152,354,576,89,76,41,337,121,346,237,43,178,61,176,62,152,53,181,56,52,5663
11/01/2021,237,370,254,31,69,121,7464,368,77,166,1263,358,336,1092,2271,344,374,97,1003,390,694,694,112,505,215,495,456,320,217,337,118,196,21044
12/01/2021,187,290,250,24,55,131,6933,452,60,221,1227,323,304,841,2065,404,307,92,1000,263,732,660,174,437,211,329,346,395,178,318,136,158,19503
13/01/2021,156,291,216,44,46,125,6878,368,63,149,1168,233,333,882,2124,362,255,97,879,296,611,635,113,442,192,313,323,358,163,283,103,150,18651
14/01/2021,139,260,226,29,42,92,6636,378,48,165,1221,256,323,702,2095,279,418,88,961,250,631,665,95,433,163,328,326,319,163,354,117,169,18371
15/01/2021,164,250,183,31,42,90,6337,398,52,129,1174,247,259,753,1940,247,382,72,1005,297,585,518,97,428,201,271,312,303,156,321,146,124,17514
16/01/2021,48,91,111,11,15,60,3748,146,41,34,441,93,149,336,848,121,300,63,498,191,443,317,41,270,100,184,175,185,80,200,45,56,9441
17/01/2021,51,82,68,9,29,44,1145,170,32,26,315,87,119,313,622,137,62,44,357,98,264,262,39,226,76,151,44,120,65,175,54,43,5329
18/01/2021,210,313,233,29,52,161,6656,422,62,145,1125,298,269,860,2197,360,387,86,1092,280,697,822,91,523,223,471,443,375,186,352,97,158,19675
19/01/2021,226,210,265,29,34,132,6468,460,74,158,1101,312,269,759,2132,327,423,108,1138,356,646,674,115,564,184,299,355,380,154,353,153,188,19046
20/01/2021,192,211,231,33,42,122,5774,382,88,137,1026,293,257,755,2012,298,547,112,908,261,534,657,100,566,186,286,314,325,184,313,174,158,17478
21/01/2021,187,218,219,29,35,116,5567,403,74,131,1009,265,261,694,1984,274,450,111,859,248,574,661,119,510,188,319,328,313,141,332,127,179,16925
22/01/2021,161,205,260,37,35,95,5592,368,67,127,848,202,263,604,1900,270,466,97,916,229,566,634,129,486,205,279,350,350,137,336,126,140,16480
23/01/2021,70,86,115,16,10,56,3111,140,28,33,437,88,126,306,859,122,467,59,453,138,390,282,110,261,80,167,239,158,77,180,66,73,8803
24/01/2021,53,66,53,12,16,40,1090,123,37,26,292,77,161,293,486,110,52,36,284,114,269,199,37,171,82,92,74,116,62,137,58,31,4749
25/01/2021,207,188,284,43,44,140,5867,371,61,159,993,315,289,772,2089,345,712,101,953,274,582,637,129,572,212,334,417,357,122,331,142,154,18196
26/01/2021,163,240,245,33,50,117,5888,434,41,144,952,224,232,647,1803,294,591,91,921,273,571,636,119,561,184,209,306,315,120,319,148,192,17063
27/01/2021,124,175,211,34,45,108,5078,321,64,114,735,232,277,616,1674,208,490,98,773,251,518,558,87,485,178,212,271,256,146,262,148,170,14919
28/01/2021,132,181,188,23,46,102,4679,354,53,107,848,257,188,529,1528,229,486,79,742,226,443,533,118,408,151,203,245,271,124,248,152,153,14026
29/01/2021,102,119,166,48,56,68,4291,283,61,89,780,227,198,462,1426,174,396,45,558,175,431,382,110,396,140,229,217,187,95,235,112,109,12367
30/01/2021,33,59,64,7,31,52,2410,115,23,11,344,75,119,205,685,83,440,40,382,139,331,226,63,205,72,113,128,108,54,108,36,51,6812
31/01/2021,33,50,42,11,26,39,805,78,15,29,300,89,108,177,454,76,38,28,188,82,218,201,26,110,58,78,48,87,42,110,35,28,3709
01/02/2021,55,60,62,7,24,44,1162,96,31,11,368,76,81,258,436,110,44,23,244,138,245,180,37,187,50,111,173,103,68,130,44,64,4722
02/02/2021,142,168,237,26,35,119,4520,284,65,156,826,264,172,442,1579,208,520,42,558,218,443,432,96,397,135,256,237,187,124,259,163,137,13447
03/02/2021,109,141,214,28,36,96,3950,221,53,115,759,166,154,477,1270,180,435,61,508,218,427,448,77,338,137,204,253,203,113,220,118,144,11873
04/02/2021,99,124,186,17,10,80,3685,217,46,86,740,228,134,349,1132,154,447,39,487,203,371,415,75,299,114,176,217,162,123,191,91,138,10835
05/02/2021,96,102,159,17,25,82,3549,218,59,69,776,175,122,303,1055,131,426,40,407,203,361,367,73,233,115,186,218,163,130,152,73,115,10200
06/02/2021,31,42,70,4,8,46,1936,59,28,17,354,69,78,147,526,83,269,29,224,143,253,212,23,146,60,86,118,63,58,88,35,40,5345
07/02/2021,35,46,44,2,8,34,548,48,19,19,272,43,71,131,329,42,44,20,116,63,152,133,17,81,56,47,23,73,72,87,55,32,2762
08/02/2021,115,146,191,25,22,119,4000,249,61,123,760,178,154,350,1303,137,416,41,514,231,450,386,68,332,174,164,242,181,99,205,126,109,11671
09/02/2021,88,100,148,15,28,91,3125,210,50,89,652,135,120,316,1066,115,181,42,426,175,322,366,62,207,119,154,228,162,81,206,117,127,9323
10/02/2021,81,92,96,27,26,75,3000,158,34,90,511,127,90,304,989,90,238,37,388,216,303,290,43,176,98,185,199,125,71,147,120,106,8532
11/02/2021,89,106,126,12,32,87,2683,150,27,62,448,151,109,302,919,91,105,28,282,163,350,280,41,193,110,141,184,143,72,151,98,101,7836
12/02/2021,54,85,82,19,26,84,2955,126,25,49,459,117,80,278,928,88,79,34,279,170,309,265,31,175,127,109,149,124,95,144,95,83,7723
13/02/2021,18,32,48,4,10,34,1730,43,25,21,181,32,62,90,424,54,56,19,104,113,167,142,39,120,43,67,71,40,33,84,50,45,4001
14/02/2021,21,33,32,7,5,25,518,34,15,24,154,40,54,95,237,46,33,13,63,57,159,115,20,82,43,37,32,26,36,61,42,13,2172
15/02/2021,93,97,104,16,15,62,2995,89,38,81,484,139,92,341,1062,97,242,25,169,189,370,354,65,166,136,126,199,44,72,154,111,115,8342
16/02/2021,75,61,86,10,20,112,2831,138,27,43,426,133,84,247,1017,88,287,24,219,172,301,308,68,139,119,109,170,72,59,144,87,126,7802
17/02/2021,73,50,100,13,16,88,2504,104,26,70,408,97,108,244,876,88,186,27,217,165,259,316,48,158,88,104,155,76,56,135,108,75,7038
18/02/2021,84,57,114,20,28,88,2438,106,24,52,452,97,92,244,907,94,105,26,194,147,283,320,42,168,96,117,138,73,41,134,112,89,6982
19/02/2021,62,48,75,14,15,94,2444,141,29,44,426,89,83,210,844,75,207,31,222,140,270,305,54,152,82,106,147,72,53,107,96,62,6799
20/02/2021,28,32,36,12,7,45,1375,48,13,12,155,40,48,75,391,48,34,11,110,109,183,187,30,71,32,40,65,40,26,54,44,32,3433
21/02/2021,20,23,12,9,7,39,495,38,13,25,115,36,45,77,258,39,34,6,94,60,148,119,18,58,37,45,35,31,20,43,34,17,2050
22/02/2021,98,80,124,31,20,158,3099,122,39,92,505,130,107,283,1061,101,215,26,276,217,331,354,65,168,109,127,205,101,72,148,122,63,8649
23/02/2021,74,61,105,12,16,97,2761,116,18,64,351,100,110,270,883,83,191,33,267,160,344,398,41,157,91,92,141,93,45,125,139,82,7520
24/02/2021,80,72,79,22,19,80,2461,105,27,56,322,97,104,258,830,71,210,32,234,219,262,315,28,148,78,89,143,108,46,106,102,75,6878
25/02/2021,70,64,86,14,13,112,2438,98,19,45,368,101,98,226,778,76,204,36,241,153,301,345,41,148,85,78,155,92,52,100,90,61,6788
26/02/2021,70,64,67,21,15,114,2573,99,26,49,355,100,86,194,828,84,216,18,211,205,295,289,38,128,87,82,117,83,60,107,146,59,6886
27/02/2021,15,24,33,4,3,37,1540,36,12,12,170,37,51,66,342,54,57,10,94,102,203,161,16,87,41,44,61,38,22,60,53,24,3509
28/02/2021,16,24,23,8,4,42,541,34,9,12,111,41,54,78,283,48,56,7,65,53,147,150,22,35,29,40,21,32,18,56,43,14,2116
01/03/2021,95,79,92,25,24,148,3016,111,17,82,392,126,125,268,1109,83,353,25,252,233,358,436,55,214,91,102,214,108,55,154,140,93,8675
02/03/2021,76,77,70,19,17,83,2647,91,17,60,306,117,101,185,869,93,158,24,206,199,257,297,44,175,76,104,136,100,53,94,126,78,6955
03/03/2021,63,69,62,19,28,122,2503,103,22,54,264,108,97,199,843,73,109,12,186,149,278,318,33,148,72,91,154,95,51,99,110,55,6589
04/03/2021,67,68,84,22,14,96,2353,91,18,60,243,104,72,168,713,80,229,16,180,148,280,308,42,123,67,106,143,79,41,113,125,81,6334
05/03/2021,54,61,60,31,18,103,2232,75,12,42,278,94,88,151,743,81,144,25,176,118,230,296,34,115,79,116,177,69,48,110,97,57,6014
06/03/2021,18,20,28,8,4,52,1278,35,13,17,122,45,42,53,290,29,61,12,89,90,163,122,19,100,48,66,61,47,24,53,38,19,3066
07/03/2021,19,24,19,6,10,38,506,27,10,17,81,40,45,64,248,34,74,9,64,66,117,124,14,47,35,54,26,31,11,52,40,49,2001
08/03/2021,89,67,82,29,24,153,2483,77,28,78,287,123,98,178,874,90,293,24,192,155,297,334,37,151,97,111,173,110,56,120,106,77,7093
09/03/2021,45,58,65,18,15,117,2126,71,24,58,208,103,64,156,765,70,246,19,165,179,260,286,31,106,74,139,155,80,28,96,94,55,5976
10/03/2021,66,42,51,18,44,124,1786,74,15,49,231,70,77,128,660,59,221,22,157,149,218,332,39,127,80,127,155,82,49,99,106,72,5529
11/03/2021,64,50,68,14,24,108,1887,47,10,38,247,82,74,127,651,47,170,20,183,148,236,273,34,93,69,103,136,60,69,104,97,40,5373
12/03/2021,51,27,54,13,15,91,1914,54,19,61,225,86,64,119,645,65,204,18,139,98,261,233,40,124,55,122,131,84,60,76,90,29,5267
13/03/2021,10,11,27,9,10,54,1055,20,7,8,122,37,32,53,272,24,46,10,57,52,170,137,24,87,39,51,66,32,41,51,42,15,2671
14/03/2021,11,10,21,3,10,43,458,16,10,9,58,26,19,39,162,23,40,15,46,44,105,111,17,36,22,41,26,25,30,45,28,13,1562
15/03/2021,18,17,17,8,8,46,553,23,14,24,114,43,43,54,184,47,71,4,69,90,138,122,35,71,44,43,49,36,41,69,33,23,2151
16/03/2021,98,49,101,22,22,148,2407,58,23,86,326,83,88,186,882,82,166,23,191,112,267,283,62,124,96,148,168,91,86,123,112,72,6785
17/03/2021,45,33,66,27,14,116,1965,64,16,65,223,95,68,120,675,73,128,18,134,104,213,235,35,117,85,93,126,68,42,100,108,43,5314
18/03/2021,46,47,72,11,20,123,1848,43,16,59,212,91,72,124,614,72,126,14,101,118,235,199,42,95,81,94,143,60,46,65,94,59,5042
19/03/2021,45,20,103,12,19,123,1626,35,22,47,199,85,83,131,601,77,127,13,95,156,209,210,37,96,79,93,128,67,49,74,85,31,4777
20/03/2021,74,18,32,3,3,68,963,16,8,8,81,28,28,50,221,28,51,14,51,80,144,110,30,40,35,52,46,34,24,39,43,19,2441
21/03/2021,15,11,24,7,12,56,362,11,6,16,67,36,28,42,193,27,33,5,27,36,125,94,22,33,29,56,28,15,27,48,38,30,1559
22/03/2021,48,75,108,13,14,205,1991,69,11,62,305,89,91,150,752,72,156,19,112,94,243,249,63,116,104,121,189,73,83,115,97,58,5947
23/03/2021,47,54,117,17,20,170,1851,82,10,49,220,89,64,106,651,73,107,10,103,116,205,223,55,87,75,109,131,59,73,109,81,60,5223
24/03/2021,33,51,75,24,11,179,1552,39,12,55,199,93,70,101,630,82,104,17,71,91,187,177,45,91,79,122,129,63,61,100,81,46,4670
25/03/2021,46,56,99,21,13,197,1539,39,12,43,243,69,67,111,603,67,80,8,92,113,174,198,35,81,68,106,105,58,61,83,86,50,4623
26/03/2021,34,40,81,10,18,175,1404,70,6,34,219,58,52,88,521,54,94,5,107,75,182,152,50,84,74,121,128,56,31,60,73,45,4201
27/03/2021,66,14,55,12,10,65,921,16,8,14,61,23,19,50,213,41,40,4,38,65,123,79,28,50,29,40,49,19,13,40,24,34,2263
28/03/2021,14,9,18,3,4,47,341,24,11,17,83,31,26,45,135,23,32,5,31,34,92,53,21,38,26,35,21,23,14,27,27,18,1328
29/03/2021,63,61,75,33,17,232,1671,58,18,53,233,91,85,135,712,78,121,15,144,116,214,186,39,121,105,139,161,70,40,68,90,73,5317
30/03/2021,48,42,80,22,19,198,1565,55,9,47,120,91,62,102,566,82,121,13,101,87,190,110,48,85,63,103,163,62,30,65,76,37,4462
31/03/2021,41,48,74,11,22,183,1425,37,5,25,105,77,51,96,480,89,66,6,100,82,144,179,46,96,80,96,110,58,28,74,72,40,4046
01/04/2021,18,31,66,9,12,83,602,18,8,23,85,49,44,50,183,25,36,10,53,64,128,105,30,59,30,35,58,21,18,41,71,31,2096
02/04/2021,10,20,30,7,3,84,458,16,9,7,67,58,28,52,169,40,51,10,37,37,99,66,26,52,28,52,39,32,42,32,31,14,1706
03/04/2021,16,11,41,8,2,123,341,16,4,16,79,29,25,54,158,22,25,5,47,59,98,78,30,50,30,39,62,38,18,40,41,12,1617
04/04/2021,15,14,26,11,6,101,295,18,4,9,64,25,33,59,144,29,24,10,22,35,98,73,35,26,31,50,62,29,15,28,26,17,1434
05/04/2021,70,64,120,10,25,325,1641,71,17,92,190,106,94,133,706,121,112,23,130,100,205,241,70,113,96,136,192,86,55,78,104,35,5561
06/04/2021,51,34,87,12,19,312,1430,37,11,65,130,89,76,149,537,91,90,26,104,86,159,217,61,113,85,95,140,77,55,80,103,37,4658
07/04/2021,43,43,90,22,36,301,1385,37,26,60,146,60,80,107,453,91,94,19,101,73,166,176,57,118,88,111,134,75,41,81,66,45,4425
08/04/2021,33,44,70,10,30,276,1281,31,17,58,109,88,55,114,488,72,95,24,116,65,173,161,60,101,72,125,152,56,40,84,96,57,4253
09/04/2021,55,42,67,12,25,235,1302,43,14,48,108,103,55,117,538,59,59,18,75,52,166,138,68,94,65,112,130,80,20,66,56,41,4063
10/04/2021,19,19,49,3,12,90,829,10,11,25,54,31,48,62,230,38,31,13,35,38,104,84,46,87,41,57,46,29,12,26,30,22,2231
11/04/2021,28,6,14,7,7,79,242,13,7,11,41,24,30,48,146,29,24,12,26,19,77,49,31,33,28,24,38,29,15,30,21,22,1210
12/04/2021,61,53,103,19,20,312,1455,75,19,57,172,111,70,128,655,90,143,19,121,97,185,166,81,114,87,147,198,86,38,75,87,55,5099
13/04/2021,33,43,72,15,18,308,1299,48,18,60,112,105,77,97,571,65,61,18,107,71,150,144,61,109,67,106,108,79,34,69,91,41,4257
14/04/2021,42,44,89,9,11,277,1191,31,20,33,100,76,83,99,445,60,94,18,78,67,146,105,83,82,53,75,174,68,36,64,70,30,3853
15/04/2021,44,36,73,14,22,225,1205,36,25,59,83,79,52,91,435,64,72,15,91,66,147,117,72,94,39,103,127,81,23,71,77,45,3783
16/04/2021,33,35,50,13,16,229,1008,62,20,36,56,76,75,88,369,46,103,17,78,51,115,111,67,80,41,82,111,75,35,49,67,40,3334
17/04/2021,6,7,42,2,8,76,613,21,14,15,28,18,36,39,163,26,25,7,37,38,85,44,59,36,22,47,50,22,8,52,26,18,1690
18/04/2021,9,14,25,3,8,60,224,15,11,12,25,34,25,36,113,30,24,6,16,20,65,45,57,24,24,40,30,26,4,26,35,15,1101
19/04/2021,47,69,90,49,25,290,1209,39,16,56,115,75,78,116,474,71,125,28,82,68,144,143,95,89,72,99,223,95,39,89,85,55,4350
20/04/2021,23,45,62,6,10,287,1089,34,10,45,84,74,54,103,456,62,108,16,82,38,123,138,85,67,57,80,131,81,32,68,79,38,3667
21/04/2021,27,27,71,14,16,259,1092,30,20,33,97,59,61,85,396,56,84,11,60,48,132,138,103,85,55,123,175,89,34,59,72,28,3639
22/04/2021,34,47,63,20,21,195,912,32,13,54,87,79,44,76,368,62,112,20,72,56,114,101,72,82,69,81,139,77,24,68,64,29,3287
23/04/2021,29,41,65,14,21,198,876,29,12,32,81,70,45,80,316,52,107,17,102,55,104,110,80,77,51,90,145,56,27,86,81,42,3191
24/04/2021,15,20,30,6,9,89,576,12,24,9,49,31,18,36,174,24,24,7,41,30,67,51,62,48,34,41,79,38,21,34,27,22,1748
25/04/2021,19,23,26,7,3,85,184,10,21,13,35,18,19,30,101,17,26,4,24,24,56,44,44,19,20,39,52,33,5,31,25,15,1072
26/04/2021,33,70,63,13,30,298,1015,36,16,44,135,81,52,120,476,69,138,21,87,76,127,131,107,79,75,117,171,97,25,64,79,51,3996
27/04/2021,33,37,70,22,25,211,981,33,26,44,88,65,39,83,333,57,147,12,87,50,100,93,122,60,49,87,186,101,25,64,84,46,3460
28/04/2021,37,39,68,35,16,185,895,34,21,26,80,71,38,87,329,59,117,20,73,65,98,94,103,71,44,56,135,80,24,48,101,35,3184
29/04/2021,29,37,71,30,12,167,801,41,18,37,67,74,38,74,350,72,108,15,72,41,88,72,103,60,42,58,121,89,16,43,89,46,2981
30/04/2021,23,36,51,33,17,134,758,36,24,19,47,56,34,54,218,41,132,27,61,58,102,83,113,41,31,60,149,85,13,50,78,37,2701
01/05/2021,4,12,25,4,5,70,227,14,9,8,25,33,13,20,88,22,18,10,23,31,43,13,59,29,10,32,48,32,3,23,30,19,1002
02/05/2021,8,17,24,9,5,53,191,9,14,10,29,21,12,24,75,20,21,15,27,17,40,21,62,25,16,35,46,33,13,15,27,22,956
03/05/2021,28,65,72,42,22,191,812,42,24,38,67,84,38,100,290,53,114,19,99,51,129,129,141,54,61,78,224,135,23,71,94,50,3440
04/05/2021,21,46,59,17,16,178,626,41,24,33,52,84,24,75,272,61,116,20,89,35,97,89,139,69,46,81,172,120,13,58,91,41,2905
05/05/2021,19,46,54,14,21,148,682,29,35,18,47,72,23,90,227,58,75,17,89,84,79,54,123,57,45,51,79,101,16,45,53,40,2591
06/05/2021,35,46,63,30,23,153,606,37,28,33,90,95,36,86,209,52,97,24,75,53,75,61,114,75,27,67,181,110,14,55,93,36,2779
07/05/2021,19,66,61,17,13,113,623,27,18,28,52,55,32,55,241,56,99,18,97,50,42,47,119,69,34,61,132,103,10,41,67,37,2502
08/05/2021,18,24,28,8,3,48,384,23,19,5,19,33,11,32,66,26,14,5,46,39,54,19,74,38,22,40,59,46,5,31,16,25,1280
09/05/2021,11,20,24,1,4,38,91,8,17,2,27,20,10,30,66,3,16,3,27,15,35,21,71,20,10,30,46,40,3,33,28,12,782
10/05/2021,10,44,44,16,7,97,362,19,23,11,30,61,9,41,134,31,48,13,57,33,37,37,94,57,28,44,127,101,11,37,44,24,1731
11/05/2021,35,111,78,21,25,174,693,40,27,45,54,91,22,94,334,63,77,16,95,44,66,77,148,58,69,90,163,163,14,64,110,38,3199
12/05/2021,17,60,53,23,16,136,620,28,29,24,50,76,20,63,230,41,72,10,85,40,56,48,177,52,44,83,165,123,5,78,79,32,2635
13/05/2021,23,66,48,29,19,106,511,34,34,35,52,39,13,51,224,38,58,8,78,26,62,40,173,59,40,55,160,113,15,53,85,27,2374
14/05/2021,25,57,75,16,17,85,613,19,21,24,44,44,13,49,255,33,54,20,94,29,60,58,156,52,35,68,153,125,9,63,83,32,2481
15/05/2021,4,10,23,18,7,38,309,11,12,7,32,17,5,21,139,19,8,8,53,28,33,12,76,31,25,36,58,64,15,39,49,5,1212
16/05/2021,6,16,16,14,6,39,117,6,12,5,13,12,17,17,87,20,9,3,19,10,20,7,69,17,21,40,31,42,4,34,37,7,773
17/05/2021,20,64,69,33,22,133,615,34,21,41,68,39,17,71,250,52,45,22,126,44,63,40,179,73,58,82,205,179,19,69,110,31,2894
18/05/2021,13,61,77,30,25,96,613,27,18,28,39,45,19,55,210,34,25,26,84,47,72,32,160,48,54,90,157,141,15,82,126,32,2581
19/05/2021,13,44,71,44,12,98,532,24,21,26,61,61,16,65,223,20,28,24,89,47,51,33,171,36,65,75,211,109,12,79,102,26,2489
20/05/2021,16,53,72,36,11,92,562,28,34,17,37,48,21,35,241,32,27,14,94,34,53,25,145,31,72,58,176,116,17,87,109,20,2413
21/05/2021,15,46,110,32,19,71,594,26,17,25,29,54,24,52,206,24,24,15,123,28,42,32,156,49,45,53,151,111,15,66,109,25,2388
22/05/2021,2,17,42,13,6,22,301,4,16,2,34,6,8,19,138,12,4,11,29,18,35,18,94,20,17,37,82,62,6,27,34,14,1150
23/05/2021,5,14,32,20,11,11,120,6,14,2,18,13,16,25,52,14,8,6,26,15,19,11,70,10,21,26,48,64,19,23,48,12,799
24/05/2021,16,65,131,29,25,91,638,41,17,25,47,57,29,73,262,33,32,21,144,43,48,35,198,58,71,115,214,147,14,93,121,23,2956
25/05/2021,11,44,103,34,14,65,673,28,16,29,30,48,24,67,237,16,25,12,132,42,58,42,168,40,80,93,184,148,11,81,144,18,2717
26/05/2021,13,40,134,26,17,77,665,32,12,22,36,45,20,44,201,19,32,13,72,53,41,38,170,46,68,83,185,142,11,100,159,18,2634
27/05/2021,12,50,87,32,34,68,552,29,23,34,37,45,35,60,225,26,16,9,123,24,46,41,164,42,44,93,158,157,15,78,188,11,2558
28/05/2021,11,48,122,26,18,38,645,24,14,20,18,30,23,42,204,24,27,8,104,39,40,19,141,53,76,75,202,128,14,74,186,6,2499
29/05/2021,5,21,44,13,14,19,285,11,22,4,11,5,10,14,75,14,5,6,41,24,30,9,101,21,20,40,108,59,5,35,63,5,1139
30/05/2021,4,14,56,14,6,24,114,7,19,16,10,6,8,23,84,15,10,14,33,14,18,7,86,16,19,26,101,46,3,43,73,3,932
31/05/2021,9,87,153,41,33,62,639,18,23,23,43,37,29,66,229,15,20,19,121,28,44,34,220,53,85,101,294,180,9,117,233,15,3080
01/06/2021,10,54,152,43,11,53,678,29,17,19,29,33,22,47,201,22,21,12,98,23,37,21,206,53,67,113,205,184,10,100,226,12,2808
02/06/2021,9,59,166,53,30,59,687,28,29,17,41,27,10,67,171,14,8,17,88,20,47,15,187,42,64,95,252,173,7,99,216,15,2812
03/06/2021,12,35,130,27,24,57,610,20,9,12,41,18,14,69,151,15,15,11,108,30,31,24,185,33,72,108,261,179,9,97,235,13,2655
04/06/2021,9,42,168,32,29,49,637,27,16,9,27,16,24,46,166,15,17,14,134,23,44,21,186,47,67,113,227,169,12,131,242,8,2767
05/06/2021,8,21,80,20,13,25,316,13,8,5,18,16,18,13,88,6,6,7,55,15,21,5,123,20,30,58,141,81,1,44,70,5,1350
06/06/2021,3,9,50,10,9,9,110,8,10,6,12,15,16,27,62,4,7,1,37,20,15,7,94,16,15,24,63,71,1,50,61,1,843
07/06/2021,11,53,249,42,37,55,843,36,20,28,30,29,21,63,223,19,11,21,160,60,36,29,197,50,135,146,371,217,5,139,334,13,3683
08/06/2021,13,42,252,45,41,50,894,37,11,17,50,30,23,46,239,15,11,19,127,45,44,29,246,46,104,151,334,204,9,111,291,13,3589
09/06/2021,5,33,247,59,20,56,896,35,19,46,42,21,18,42,242,15,11,20,102,27,32,9,205,37,84,130,282,242,2,124,278,8,3389
10/06/2021,21,22,290,42,24,50,794,33,13,18,38,23,17,49,232,17,11,13,130,39,24,17,217,30,99,160,238,224,3,113,292,15,3308
11/06/2021,5,54,263,47,36,34,798,22,14,53,33,25,20,51,220,18,14,28,119,23,42,13,163,49,102,150,280,231,4,102,266,10,3289
12/06/2021,0,10,146,25,22,14,452,8,15,8,18,14,7,29,137,8,6,8,37,23,25,4,117,16,55,61,196,92,3,66,84,4,1710
13/06/2021,1,17,135,28,20,18,150,8,3,3,16,9,8,18,60,5,5,5,26,15,22,8,79,14,33,44,134,75,0,58,73,5,1095
14/06/2021,11,68,402,81,51,54,959,33,7,25,49,25,25,74,304,8,19,26,135,62,32,22,189,43,161,204,382,271,6,146,328,15,4217
15/06/2021,10,53,394,58,34,47,965,33,11,18,27,18,13,43,257,11,22,28,122,27,28,22,183,46,146,181,337,307,13,117,293,13,3877
16/06/2021,4,67,461,88,31,26,1007,36,19,22,39,23,27,35,246,15,13,14,135,41,41,21,226,36,146,163,337,226,2,123,259,8,3937
17/06/2021,8,51,406,76,40,22,1061,33,19,18,22,25,17,48,286,20,12,19,119,40,38,19,168,59,127,188,343,268,3,135,273,7,3970
18/06/2021,5,27,398,60,42,31,1093,35,9,12,29,15,22,69,276,13,11,28,104,35,31,16,228,41,152,176,302,286,1,140,281,5,3973
19/06/2021,1,8,185,30,25,12,617,12,6,2,7,6,12,18,108,7,1,12,59,52,23,12,139,25,70,84,242,115,2,72,97,3,2064
20/06/2021,4,19,109,37,17,8,218,14,3,2,6,7,6,38,68,5,5,2,40,16,19,10,134,16,42,58,107,108,2,63,87,2,1272
21/06/2021,10,69,484,94,47,39,1339,36,17,24,45,40,20,90,430,28,24,32,177,33,42,16,246,71,208,285,406,336,11,231,371,13,5314
22/06/2021,12,55,409,88,47,33,1498,25,14,19,44,30,26,75,389,13,7,19,122,62,43,29,309,59,209,212,384,330,2,209,391,14,5178
23/06/2021,7,48,399,99,48,27,1536,27,29,27,45,32,18,88,434,26,7,18,173,93,36,31,288,46,180,245,368,348,10,226,368,17,5344
24/06/2021,8,45,369,111,51,41,1621,29,23,23,35,37,40,90,411,22,12,22,159,84,43,17,307,54,220,238,369,290,7,231,323,11,5343
25/06/2021,6,51,430,90,40,31,1542,29,18,11,20,43,41,113,451,16,8,29,147,95,38,26,286,63,196,204,394,261,5,233,304,2,5223
26/06/2021,2,18,233,37,15,12,1000,12,6,5,8,16,12,45,226,11,9,10,67,51,29,20,154,26,80,104,186,133,3,108,105,6,2749
27/06/2021,2,20,94,34,28,5,404,8,7,5,7,24,14,40,96,17,5,9,48,37,21,11,151,9,77,97,142,101,3,93,96,3,1708
28/06/2021,13,73,569,131,56,41,1996,36,21,29,75,68,40,160,555,43,17,40,238,125,48,34,341,50,293,285,465,358,4,344,404,14,6966
29/06/2021,19,53,438,88,51,36,1940,40,30,29,55,68,42,142,586,33,24,61,212,102,40,28,290,69,287,282,436,303,8,312,313,22,6439
30/06/2021,16,58,386,85,47,43,1951,51,31,32,44,70,42,142,580,34,19,40,215,108,39,61,284,53,296,219,366,294,10,311,327,9,6263
01/07/2021,10,46,342,89,35,35,2236,28,21,24,62,74,35,165,604,33,26,46,255,124,63,63,263,64,322,252,354,264,7,320,258,7,6527
02/07/2021,7,50,355,68,45,54,2330,35,20,30,65,89,47,129,733,42,11,63,233,152,47,60,328,59,331,214,334,268,12,311,246,3,6771
03/07/2021,2,16,185,42,20,14,1385,19,5,7,37,36,26,71,275,30,7,37,131,77,31,16,202,29,143,115,125,125,2,164,86,6,3466
04/07/2021,5,16,135,34,12,17,548,6,10,7,24,72,23,79,184,15,8,22,78,86,29,26,166,22,144,67,113,90,4,146,68,12,2268
05/07/2021,15,70,426,119,53,62,3059,64,41,50,94,234,101,316,951,53,32,85,359,187,95,115,337,68,472,263,392,329,5,474,351,29,9301
06/07/2021,17,67,440,113,52,53,3186,58,41,45,151,219,81,351,974,53,27,104,326,189,61,108,343,74,499,266,312,281,9,476,311,31,9318
07/07/2021,13,68,413,130,64,96,3526,59,42,48,164,289,111,362,1050,65,51,106,364,168,89,107,388,87,536,247,345,279,13,477,324,25,10106
08/07/2021,20,41,348,73,50,85,3559,68,44,50,114,330,107,373,1093,80,63,118,360,172,122,115,402,90,600,225,320,248,16,499,285,48,10118
09/07/2021,19,54,369,78,61,72,3470,107,36,50,145,316,108,423,1211,64,97,115,412,195,126,93,339,78,684,300,352,265,22,537,287,44,10529
10/07/2021,4,23,195,38,36,30,2105,45,24,6,83,227,51,146,361,32,11,55,170,159,87,24,233,45,336,150,154,125,11,257,90,10,5323
11/07/2021,5,15,113,31,33,23,957,18,20,7,76,147,56,176,251,46,21,55,95,137,61,46,170,34,261,139,90,112,6,240,78,10,3529
12/07/2021,33,56,465,121,83,116,4422,138,77,94,224,497,152,646,1622,184,129,137,619,275,144,158,402,151,821,376,389,323,44,644,363,60,13965
13/07/2021,48,66,411,92,114,120,4739,121,99,85,291,480,187,682,1616,161,85,159,568,279,139,161,420,162,766,361,387,292,21,585,317,56,14070
14/07/2021,40,61,297,119,92,92,4685,133,101,113,229,474,152,708,1556,139,83,246,667,319,173,178,399,133,775,400,371,269,43,552,281,67,13947
15/07/2021,33,72,300,108,104,95,4178,141,110,95,227,589,185,756,1532,152,98,243,652,279,154,187,440,199,691,348,377,271,38,550,294,83,13581
16/07/2021,56,92,279,94,111,84,4290,135,113,133,223,586,185,725,1810,200,142,260,647,358,140,202,394,185,717,370,381,263,37,585,254,49,14100
17/07/2021,14,26,137,26,59,38,2509,59,54,29,193,245,115,317,553,68,26,103,270,238,116,67,267,80,340,184,186,121,16,341,89,19,6905
18/07/2021,9,15,133,34,52,37,1039,46,72,39,149,278,93,259,370,61,22,113,221,190,83,72,192,54,263,139,132,91,15,295,88,32,4688
19/07/2021,75,89,369,116,118,134,5342,213,154,125,294,871,266,1085,2197,214,197,406,869,481,238,250,439,283,782,449,476,349,48,794,345,140,18208
20/07/2021,72,91,308,106,145,140,5485,199,186,153,272,889,240,1205,2225,226,205,412,844,451,239,257,502,254,797,381,379,317,61,838,309,177,18365
21/07/2021,65,75,290,102,149,140,5151,184,211,148,399,853,246,1159,2196,220,222,392,829,456,242,246,459,353,716,372,473,261,82,856,269,129,17945
22/07/2021,65,93,278,119,124,125,5480,186,210,142,295,959,265,1139,2402,289,277,457,929,500,257,284,427,369,801,406,509,262,62,766,245,142,18864
23/07/2021,62,97,274,103,204,150,4754,203,240,172,341,684,276,1072,2302,245,259,534,937,488,275,303,448,390,781,355,452,251,56,913,267,132,18020
24/07/2021,14,42,109,54,94,52,2901,93,132,54,245,245,156,491,704,104,37,216,391,300,212,66,287,183,285,193,269,129,38,505,74,55,8730
25/07/2021,11,37,85,43,54,28,1371,52,97,42,170,417,163,429,579,112,44,214,299,225,179,66,233,91,309,172,169,124,29,434,80,27,6385
26/07/2021,120,119,347,148,196,146,5943,274,298,230,552,857,366,1521,2831,393,388,558,1210,574,374,385,497,546,889,554,595,353,69,972,328,149,22782
27/07/2021,122,110,288,138,191,160,5557,275,332,234,465,876,362,1476,2727,352,333,563,1364,645,368,344,509,529,810,494,598,394,98,999,279,180,22172
28/07/2021,93,115,284,151,165,127,5281,323,356,249,337,813,347,1424,2368,316,350,449,1188,580,324,380,496,572,637,526,642,406,100,907,226,176,20708
29/07/2021,101,115,265,154,197,156,5742,283,381,293,361,972,314,1384,2608,362,339,406,1112,538,399,353,491,515,588,536,647,319,125,921,213,218,21408
30/07/2021,93,116,258,121,190,101,4966,328,359,226,388,881,324,1287,2382,357,393,344,1251,516,395,338,445,562,634,439,605,337,113,950,253,174,20126
31/07/2021,14,29,94,59,104,34,2950,152,153,54,171,365,187,421,833,151,56,183,481,301,253,117,313,319,262,243,284,135,28,476,98,66,9386
01/08/2021,43,32,62,51,88,58,1392,92,188,59,173,403,162,398,652,212,54,178,439,280,225,133,246,179,283,197,267,156,59,456,60,59,7336
02/08/2021,168,137,272,199,202,132,5616,368,335,376,550,880,406,1452,2798,364,219,542,1651,607,504,430,496,771,589,522,813,528,120,1056,337,176,23616
03/08/2021,151,126,239,161,208,136,5477,363,361,320,497,983,369,1356,2624,456,122,609,1507,588,486,477,572,781,546,536,825,506,122,1015,264,201,22984
04/08/2021,146,141,185,146,211,119,5027,322,360,302,540,736,422,1359,2489,508,171,498,1518,526,528,450,455,729,480,466,825,481,130,1029,257,183,21739
05/08/2021,87,136,183,179,175,132,5112,339,416,260,479,921,409,1261,2407,450,145,509,1637,671,607,414,535,739,449,452,800,508,127,989,239,209,21976
06/08/2021,103,149,214,158,187,136,4726,327,395,424,508,853,427,1111,2376,453,207,449,1514,499,556,438,440,799,419,465,764,531,142,1038,253,184,21245
07/08/2021,41,44,74,87,105,56,2927,199,168,67,241,239,175,412,749,163,57,167,563,331,337,159,321,481,267,243,410,216,93,562,87,49,10090
08/08/2021,30,44,41,66,91,28,1400,150,223,46,220,419,173,448,571,167,60,229,472,246,291,142,230,238,182,216,296,189,65,458,71,68,7570
09/08/2021,157,185,224,226,216,183,5308,437,419,391,653,873,499,1565,2620,526,287,606,1957,644,688,621,544,939,520,484,1158,681,177,1189,349,279,25605
10/08/2021,135,157,165,223,202,137,5397,473,462,377,694,738,483,1396,2603,531,254,488,1918,619,649,541,472,892,420,507,1132,703,161,1134,314,365,24742
11/08/2021,114,157,161,212,196,117,5096,418,464,331,651,691,423,1333,2292,489,254,503,1691,534,692,560,439,961,361,494,1166,627,157,1025,296,246,23151
12/08/2021,128,204,132,182,177,103,4672,393,451,346,736,651,521,1389,2212,517,231,441,1610,509,655,559,387,867,323,510,1180,504,184,1017,293,238,22322
13/08/2021,123,163,162,260,198,79,4494,371,405,348,657,613,398,1161,2190,498,186,388,1743,499,734,468,420,951,312,438,1060,592,166,1082,293,209,21661
14/08/2021,30,52,80,90,93,25,2218,173,179,62,310,274,192,405,683,163,62,177,536,331,449,172,229,517,124,204,555,265,93,589,111,82,9525
15/08/2021,22,48,34,110,68,26,1019,126,245,70,209,209,240,379,464,186,87,171,430,182,380,110,174,283,103,184,384,200,92,412,68,72,6787
16/08/2021,166,254,209,293,215,120,4488,461,484,336,924,687,544,1451,2464,523,247,450,1924,560,692,613,476,945,336,521,1409,724,191,1065,399,310,24481
17/08/2021,178,188,155,256,222,100,4161,459,443,307,756,562,466,1122,2106,487,198,387,1756,515,793,567,361,951,296,545,1226,633,162,1044,374,228,22004
18/08/2021,149,203,171,313,179,89,4019,360,435,306,701,476,447,1176,1791,475,261,296,1693,504,753,573,344,895,264,447,1219,652,204,1026,331,209,20961
19/08/2021,142,197,127,209,184,91,3744,381,407,214,745,484,455,1027,1848,444,191,300,1433,542,731,562,215,805,253,421,1038,537,201,834,136,178,19076
20/08/2021,129,175,118,176,154,93,3536,352,393,227,692,437,378,893,1630,434,133,274,1418,494,670,519,267,772,249,428,908,586,192,819,342,161,18049
21/08/2021,34,55,58,74,93,52,1571,191,177,49,256,170,141,358,520,169,77,114,451,264,284,153,201,331,137,208,533,229,95,446,122,55,7668
22/08/2021,26,66,40,104,63,28,832,130,212,47,243,117,157,333,411,117,73,128,343,257,251,109,174,182,90,159,401,192,81,415,93,50,5924
23/08/2021,209,268,175,290,208,107,3577,368,400,244,840,460,443,1235,1984,466,255,306,1624,519,729,602,335,809,294,557,1492,683,175,999,414,238,21305
24/08/2021,126,193,115,243,169,102,3595,328,397,213,771,381,385,1055,1625,416,200,274,1445,547,663,545,301,655,240,450,1206,616,191,804,359,171,18781
25/08/2021,142,214,127,225,131,96,3194,401,358,198,722,357,359,994,1429,389,199,223,1274,390,648,486,300,657,205,449,1027,662,160,777,360,166,17319
26/08/2021,118,178,140,180,121,85,3100,318,347,173,707,373,298,950,1392,366,174,232,1248,332,658,502,205,558,189,363,1073,515,182,732,339,140,16288
27/08/2021,133,139,97,157,122,61,3182,298,300,211,676,201,295,859,1369,326,177,243,1190,331,617,471,199,571,196,395,1054,514,138,723,321,164,15730
28/08/2021,23,61,36,90,62,27,1687,132,122,24,268,110,137,316,511,125,92,81,384,216,316,138,118,315,118,140,460,238,96,443,128,48,7062
29/08/2021,31,34,31,64,54,22,735,99,138,31,316,109,141,245,321,114,55,60,310,144,262,122,127,152,50,119,250,191,50,326,80,31,4814
30/08/2021,186,193,150,234,138,111,3129,399,317,221,997,243,348,1071,1473,375,190,236,1451,420,570,528,238,591,119,458,1280,614,160,795,377,161,17773
31/08/2021,116,127,92,214,130,88,2575,371,275,195,827,235,329,989,1281,345,140,198,1167,433,615,477,227,521,170,342,1197,572,169,680,405,136,15638
01/09/2021,97,137,90,191,122,82,2484,376,313,191,719,296,285,878,1171,297,166,211,1053,401,551,453,200,486,161,371,1105,582,140,662,375,114,14760
02/09/2021,148,145,93,173,105,103,2475,364,250,180,743,250,272,916,1091,318,158,159,834,362,524,420,162,435,154,358,957,504,163,671,326,129,13942
03/09/2021,124,134,56,102,111,78,2489,348,259,155,626,243,245,812,1065,271,149,172,796,339,581,406,166,410,160,345,950,524,143,646,344,104,13353
04/09/2021,35,51,34,65,61,36,1392,158,137,53,280,87,112,298,495,118,87,84,249,212,266,147,90,238,73,92,529,222,90,417,112,47,6367
05/09/2021,20,49,21,62,44,21,681,123,127,44,217,76,101,273,290,114,97,57,199,123,191,119,78,86,44,88,199,182,65,306,78,26,4201
06/09/2021,106,172,87,185,141,110,2591,360,266,190,917,261,309,1130,1451,358,230,183,973,397,665,504,191,495,163,337,1159,608,187,709,438,132,16005
07/09/2021,112,147,81,161,134,87,2094,378,234,158,713,199,229,926,1393,307,182,179,891,346,577,358,149,374,165,294,971,498,149,588,304,90,13468
08/09/2021,89,152,70,134,89,90,1813,295,244,140,643,153,179,838,1177,310,205,122,791,280,525,364,157,380,137,281,910,499,148,551,345,92,12203
09/09/2021,93,140,64,134,99,75,2053,243,205,156,666,161,207,829,1337,249,163,123,696,298,570,362,120,340,147,279,793,426,119,568,349,91,12155
10/09/2021,111,112,45,92,105,73,2044,249,213,123,695,183,157,874,1422,257,190,104,665,274,470,269,140,372,102,281,817,409,119,486,334,98,11885
11/09/2021,30,50,25,42,52,19,1104,97,105,25,367,89,78,238,498,108,113,60,230,198,251,128,67,174,67,114,295,159,59,272,94,25,5233
12/09/2021,19,47,29,32,37,20,534,81,155,25,259,67,85,283,368,100,97,63,183,104,169,99,60,99,36,88,123,139,41,170,92,42,3746
13/09/2021,146,206,83,118,135,137,2088,303,201,145,906,145,258,997,1530,310,296,170,845,336,516,348,173,416,171,315,991,452,136,462,435,96,13866
14/09/2021,115,124,85,69,130,84,1976,222,225,137,839,146,208,779,1325,248,179,121,697,294,453,289,134,350,128,313,787,367,101,371,367,102,11765
15/09/2021,42,74,66,49,70,82,1563,151,137,56,587,105,130,392,745,153,136,75,322,204,279,203,79,226,66,207,709,295,54,295,140,44,7736
16/09/2021,28,45,25,48,32,35,323,91,97,24,283,58,95,285,286,103,65,64,175,191,249,95,56,126,52,82,248,161,39,232,121,25,3839
17/09/2021,122,180,55,98,87,97,2009,233,236,146,695,102,161,849,1516,234,125,115,712,273,421,286,145,318,137,290,741,402,103,407,420,61,11776
18/09/2021,27,62,24,33,30,24,1053,96,78,26,336,50,98,238,494,113,56,52,173,170,212,106,61,125,43,78,270,167,49,224,140,14,4722
19/09/2021,28,59,17,44,24,20,417,54,95,27,252,35,80,198,329,75,78,42,163,121,188,70,49,81,31,59,144,109,34,220,77,22,3242
20/09/2021,130,280,58,126,115,114,2129,263,222,143,844,110,189,948,1566,238,131,141,648,319,458,352,127,314,124,285,963,433,104,420,432,70,12796
21/09/2021,108,203,34,83,107,85,1781,232,177,93,853,45,158,704,1338,176,121,98,554,200,425,287,121,248,128,247,678,314,112,316,359,75,10460
22/09/2021,84,202,48,81,81,105,1815,192,174,90,863,65,160,612,1110,236,98,90,362,211,432,241,111,307,96,272,702,353,90,283,347,41,9954
23/09/2021,100,232,40,72,69,101,1504,161,159,77,820,80,119,474,1124,171,109,81,422,203,378,237,83,233,104,186,551,233,76,312,297,58,8866
24/09/2021,88,217,56,86,75,112,1754,185,145,97,694,67,116,440,1092,147,96,79,410,172,386,192,85,202,91,213,614,260,66,240,294,57,8828
25/09/2021,27,55,23,26,26,19,967,91,83,38,278,24,70,141,338,73,50,31,136,135,185,75,46,108,48,72,238,117,35,142,83,14,3794
26/09/2021,22,47,9,29,22,26,415,94,50,16,318,25,68,152,275,45,55,37,107,66,183,44,30,64,43,71,107,101,31,134,47,11,2744
27/09/2021,139,289,64,76,96,156,1605,235,142,99,1035,79,144,541,1139,198,128,98,566,189,372,250,95,309,120,200,773,331,83,366,324,84,10325
28/09/2021,117,238,43,72,69,98,1187,212,85,82,763,67,130,384,913,152,103,63,461,177,326,207,94,204,98,146,540,209,76,226,281,76,7899
29/09/2021,95,224,56,64,53,115,1096,231,75,62,770,43,104,341,784,134,113,70,383,146,282,216,83,180,71,165,537,237,61,252,256,59,7358
30/09/2021,74,224,38,71,71,97,928,178,79,69,734,43,91,304,653,91,68,66,361,146,255,150,75,157,95,162,480,201,55,227,198,45,6486
01/10/2021,64,195,27,58,40,79,1076,186,91,42,592,39,82,277,679,85,86,63,348,130,224,145,66,178,65,149,427,181,55,208,168,47,6152
02/10/2021,20,66,14,22,17,26,558,82,36,13,312,33,34,123,273,60,37,27,122,82,134,62,32,80,36,59,204,73,18,116,29,19,2819
03/10/2021,32,58,22,24,15,34,291,63,61,10,210,31,40,107,222,54,52,22,102,89,100,43,22,35,22,51,84,59,16,112,43,12,2138
04/10/2021,143,294,33,74,56,168,1134,225,118,93,797,63,102,336,896,103,127,69,424,203,239,232,72,194,93,184,583,215,50,252,214,67,7853
05/10/2021,119,243,34,57,45,153,977,200,86,77,676,44,66,307,731,96,63,56,369,138,283,197,60,177,101,168,418,171,53,155,206,40,6566
06/10/2021,108,287,29,59,39,103,938,181,100,55,669,56,66,227,678,98,95,58,285,114,211,168,63,161,87,172,411,170,44,151,161,59,6103
07/10/2021,103,284,23,51,40,133,834,167,70,58,582,38,66,214,584,74,67,58,322,80,182,152,69,133,65,159,290,147,55,176,158,61,5495
08/10/2021,91,280,27,53,22,103,804,168,65,84,431,36,63,203,621,86,66,43,270,110,163,124,62,168,74,165,319,158,27,138,160,36,5220
09/10/2021,29,94,18,11,14,45,394,116,22,18,220,23,35,99,266,32,32,25,108,75,109,49,37,86,32,55,156,61,21,93,31,12,2418
10/10/2021,43,88,5,15,12,26,262,84,39,15,192,24,39,95,186,42,62,22,83,89,97,45,34,48,30,40,76,80,16,88,39,15,2031
11/10/2021,115,355,35,47,46,134,907,178,70,87,698,43,77,274,900,89,110,54,403,130,164,188,68,210,79,222,453,197,41,165,160,59,6758
12/10/2021,102,301,22,45,37,62,775,180,53,63,705,40,56,205,649,70,62,47,324,91,154,157,45,175,62,141,313,149,32,104,139,66,5426
13/10/2021,104,261,27,41,41,117,676,146,44,52,576,36,49,166,498,56,78,35,308,96,148,146,57,138,38,160,335,140,17,108,138,43,4875
14/10/2021,58,293,24,40,46,140,658,175,42,52,598,24,66,182,546,50,76,47,296,107,131,149,60,140,47,134,258,133,22,125,125,22,4866
15/10/2021,41,289,21,34,22,150,787,141,25,36,523,35,34,153,532,62,60,30,232,94,136,123,35,139,52,124,308,169,23,111,121,43,4685
16/10/2021,14,120,11,12,11,36,307,59,17,11,266,15,23,75,184,27,37,27,72,55,55,25,34,61,26,50,83,65,7,52,23,10,1870
17/10/2021,12,99,11,24,7,32,142,58,20,10,159,25,18,73,116,19,35,17,80,40,64,27,38,36,36,43,51,30,9,51,19,5,1406
18/10/2021,77,455,24,45,45,181,801,213,30,73,525,50,54,201,688,56,91,41,326,123,175,136,70,146,71,161,252,114,27,110,170,46,5577
19/10/2021,69,399,24,27,29,145,680,184,41,52,403,55,55,132,537,44,42,29,279,104,113,96,49,144,51,144,224,92,22,108,131,37,4541
20/10/2021,82,420,34,18,23,144,589,156,26,34,473,22,29,139,491,49,49,30,266,125,113,124,37,106,55,110,191,116,13,85,96,23,4268
21/10/2021,53,429,22,32,18,120,559,151,35,41,429,52,45,174,461,44,44,31,266,82,78,109,33,125,50,142,207,84,17,79,76,32,4120
22/10/2021,53,420,21,25,17,160,639,134,28,36,421,33,43,158,463,34,37,20,209,62,97,120,36,106,46,139,129,91,15,52,105,31,3980
23/10/2021,27,137,11,11,12,40,324,76,28,4,210,12,14,46,150,21,31,12,60,39,66,35,32,55,21,52,45,39,8,50,29,8,1705
24/10/2021,25,109,8,12,3,37,124,47,23,9,151,10,17,55,132,15,17,13,54,51,45,28,22,40,27,44,53,39,13,49,16,8,1296
25/10/2021,92,579,32,32,26,191,651,220,41,72,508,32,55,171,709,31,61,36,283,95,107,143,48,122,60,205,214,136,29,97,124,50,5252
26/10/2021,58,489,20,26,18,147,580,148,26,48,454,52,49,153,530,37,34,31,225,83,78,86,28,112,54,180,135,83,18,85,116,23,4206
27/10/2021,46,457,14,29,10,139,484,180,23,52,407,41,67,118,492,28,24,32,211,62,78,79,49,79,52,125,168,93,14,75,89,30,3847
28/10/2021,65,464,13,19,13,149,487,128,18,36,433,61,47,141,375,31,38,18,206,58,69,105,20,90,52,132,114,90,19,52,96,15,3654
29/10/2021,37,418,16,32,11,114,594,132,25,26,321,44,47,103,429,17,58,17,170,45,62,68,26,80,59,146,140,75,14,46,90,23,3485
30/10/2021,11,145,16,7,4,67,184,54,15,9,135,15,16,34,149,18,24,11,53,28,32,19,7,39,10,42,41,32,6,37,21,5,1286
31/10/2021,6,114,3,7,4,31,91,42,5,13,164,21,19,43,74,13,17,4,48,18,35,20,6,26,17,44,17,17,8,16,20,3,966
01/11/2021,44,589,18,7,11,90,423,198,10,50,358,24,55,131,347,33,36,32,190,55,36,96,19,107,39,163,57,69,8,53,99,20,3467
02/11/2021,28,516,13,9,5,86,194,168,15,39,270,14,38,89,245,21,19,17,203,30,48,71,10,59,35,99,24,64,3,36,79,15,2562
03/11/2021,53,523,16,9,14,186,595,200,21,62,362,46,35,115,464,30,19,26,159,49,64,95,27,80,30,160,159,87,6,62,99,22,3875
04/11/2021,47,504,10,17,10,185,567,148,15,33,355,36,40,91,397,24,30,8,143,73,55,96,17,98,39,165,89,76,8,43,75,26,3520
05/11/2021,47,497,19,12,6,175,501,159,9,47,250,28,24,91,369,24,26,11,119,54,41,77,18,82,51,169,105,66,16,41,79,18,3231
06/11/2021,11,142,9,5,5,60,318,62,6,5,124,14,15,35,121,17,14,9,44,43,27,38,13,51,20,71,31,36,6,16,29,6,1403
07/11/2021,9,132,9,4,1,40,109,47,5,11,120,19,18,24,96,9,10,8,57,28,33,21,21,37,18,55,21,25,4,23,12,4,1030
08/11/2021,84,600,25,16,12,234,529,216,7,47,367,40,23,123,493,30,25,26,215,71,52,133,18,112,60,257,99,104,14,66,81,34,4213
09/11/2021,60,512,33,9,15,192,456,220,8,51,325,35,30,84,454,23,22,12,166,66,51,100,20,109,51,185,60,72,15,39,80,24,3579
10/11/2021,64,475,36,8,5,176,500,171,10,33,251,37,25,92,425,13,9,12,179,62,45,97,11,99,39,210,70,70,19,29,55,19,3346
11/11/2021,58,390,48,9,9,163,545,164,12,48,301,18,28,74,392,30,31,8,178,55,43,111,8,84,49,222,60,65,5,38,54,23,3323
12/11/2021,70,392,29,10,5,153,489,139,6,41,287,24,27,63,357,20,45,19,163,56,41,88,11,96,26,211,60,59,9,42,53,16,3107
13/11/2021,8,125,24,3,4,49,228,76,10,10,150,7,18,27,89,9,12,13,42,27,23,23,5,58,23,86,13,19,3,16,16,7,1223
14/11/2021,6,84,32,2,2,57,121,46,3,14,96,5,13,11,79,8,26,8,40,22,27,16,4,14,6,67,10,10,7,17,10,5,868
15/11/2021,15,191,41,3,2,59,151,113,6,19,162,10,14,31,69,11,19,4,73,44,27,20,4,49,14,119,29,32,3,16,26,5,1381
16/11/2021,83,558,65,11,15,275,492,229,7,77,341,31,22,101,469,24,12,17,188,71,44,81,16,90,53,297,51,59,5,44,82,28,3938
17/11/2021,37,548,59,2,10,270,517,209,8,61,328,12,26,77,418,14,15,5,161,41,34,70,12,100,52,272,49,74,7,36,58,23,3605
18/11/2021,37,450,45,10,9,212,473,195,2,40,311,15,20,81,350,15,18,17,146,50,38,78,11,90,40,289,25,56,5,47,46,14,3235
19/11/2021,45,442,38,5,1,171,506,166,0,51,256,18,12,67,329,13,17,6,135,50,25,64,10,67,37,232,39,49,12,31,52,32,2978
20/11/2021,14,157,29,4,1,60,244,89,2,9,143,7,8,21,102,6,17,8,41,32,20,23,9,39,8,134,12,20,5,13,12,5,1294
21/11/2021,9,130,12,7,3,55,146,72,1,10,100,6,14,26,79,10,4,14,27,17,23,15,5,41,13,90,9,16,0,16,7,5,982
22/11/2021,101,559,63,8,9,310,509,247,7,79,379,23,19,100,351,22,29,21,159,65,427,78,12,115,60,397,48,52,16,43,54,29,4391
23/11/2021,72,523,59,9,8,259,399,206,8,66,324,24,31,75,396,20,16,10,134,27,199,63,9,92,39,271,22,47,7,35,42,34,3526
24/11/2021,80,502,53,7,4,232,366,207,8,44,251,19,15,101,316,15,7,9,135,41,144,68,7,84,53,278,29,52,6,22,58,23,3236
25/11/2021,75,433,51,5,5,249,532,165,3,42,219,18,15,77,367,16,17,8,125,48,107,43,8,91,40,237,19,43,8,29,30,10,3135
26/11/2021,71,393,58,4,2,240,361,144,3,50,245,13,12,71,339,22,23,7,123,44,25,38,13,76,40,224,31,39,5,23,35,11,2785
27/11/2021,13,133,28,3,0,84,213,80,5,12,139,3,8,22,84,10,11,5,23,24,12,17,8,51,15,90,12,19,3,12,10,3,1152
28/11/2021,15,140,20,3,1,73,111,73,3,16,83,8,7,38,74,11,17,5,34,15,22,27,5,35,20,107,5,19,4,4,5,5,1005
29/11/2021,59,633,72,8,7,393,462,209,2,94,369,24,13,95,436,23,19,9,148,48,25,54,10,98,48,345,36,66,8,27,43,33,3916
30/11/2021,52,554,64,2,4,349,378,211,4,50,300,11,27,80,239,11,7,9,134,46,23,63,3,92,36,280,37,50,3,24,31,16,3190
01/12/2021,68,472,42,4,3,299,338,194,2,52,273,16,12,103,339,6,9,16,119,53,22,49,16,63,49,248,25,42,5,34,40,31,3044
02/12/2021,61,472,41,3,6,350,481,208,3,49,231,12,12,86,342,11,16,14,127,40,21,41,12,89,41,258,20,51,5,15,24,21,3163
03/12/2021,62,390,47,5,2,277,350,154,7,43,247,23,22,66,256,14,18,21,123,24,23,25,14,78,44,261,26,50,9,38,29,29,2777
04/12/2021,12,142,15,0,3,63,147,68,2,8,129,7,6,24,77,10,3,9,52,33,9,16,19,44,14,80,7,22,10,17,6,7,1061
05/12/2021,15,125,8,1,3,58,134,54,2,14,87,7,12,22,45,6,6,3,41,16,8,6,8,32,17,99,5,17,8,10,5,8,882
06/12/2021,80,653,42,3,6,378,399,235,8,65,308,17,22,116,360,14,20,12,140,49,32,51,16,137,45,304,30,95,14,26,42,30,3749
07/12/2021,74,594,40,2,9,278,378,183,3,61,290,11,15,99,316,10,16,12,101,24,26,50,13,96,32,297,32,87,19,28,30,29,3255
08/12/2021,73,540,45,5,2,285,296,174,5,52,238,9,10,118,301,10,7,19,96,23,22,36,6,100,26,265,17,67,13,24,26,25,2935
09/12/2021,62,459,51,2,10,223,269,148,6,33,254,15,12,118,351,11,17,11,128,27,24,41,13,94,30,230,14,56,8,35,18,44,2814
10/12/2021,70,453,51,1,5,272,428,152,4,25,229,22,18,87,287,15,19,13,72,19,23,33,19,82,47,205,6,36,7,38,24,26,2788
11/12/2021,14,104,20,4,2,65,141,56,1,9,104,9,4,30,88,5,10,5,24,10,14,6,3,50,9,81,4,13,3,25,4,9,926
12/12/2021,11,118,21,1,0,79,113,63,5,12,90,7,10,42,79,3,8,4,30,12,8,5,25,27,16,79,5,12,2,8,3,8,906
13/12/2021,106,526,74,2,5,310,359,172,2,48,284,20,18,121,442,12,24,14,127,18,29,31,27,88,45,269,14,50,4,32,12,37,3322
14/12/2021,69,398,86,5,4,317,379,164,3,43,273,17,10,68,281,11,22,24,108,26,24,31,10,66,37,208,8,40,6,23,24,49,2834
15/12/2021,64,399,88,1,4,325,426,144,9,46,248,15,11,72,281,8,13,14,95,29,26,36,22,108,36,186,6,37,3,31,21,24,2828
16/12/2021,84,327,94,5,7,261,435,143,2,45,256,11,9,109,255,5,18,19,92,9,22,44,40,89,40,201,11,53,8,29,19,28,2770
17/12/2021,55,328,70,0,5,230,429,162,4,44,202,9,16,102,251,9,11,20,89,18,20,30,31,74,51,151,14,31,5,22,17,42,2542
18/12/2021,16,97,88,2,1,85,246,62,2,11,92,8,13,23,63,4,4,13,40,8,23,9,35,59,15,80,5,12,6,15,7,12,1156
19/12/2021,18,89,70,5,1,71,192,57,4,9,130,2,11,28,37,2,8,10,30,6,9,7,40,30,19,49,9,17,2,5,6,14,987
20/12/2021,117,432,206,4,9,327,666,185,4,49,377,26,27,120,362,11,21,27,132,21,41,70,31,115,48,194,25,58,5,46,32,32,3820
21/12/2021,90,364,278,4,4,281,729,165,8,46,262,16,21,113,365,10,25,12,96,19,49,74,91,109,46,181,30,49,13,31,36,32,3649
22/12/2021,73,335,285,9,7,266,990,180,9,38,255,28,8,124,393,12,19,11,123,40,38,39,96,132,52,131,44,59,6,45,29,63,3939
23/12/2021,71,292,348,6,5,265,1063,141,6,34,311,18,25,120,326,11,25,11,136,40,58,62,114,145,49,165,37,77,11,75,49,38,4134
24/12/2021,68,177,348,1,0,206,892,116,5,28,217,15,30,86,266,11,22,10,126,33,27,38,108,120,56,120,24,58,4,22,43,41,3318
25/12/2021,14,60,183,2,0,55,200,44,1,12,49,2,17,32,48,11,5,4,47,13,24,28,82,22,17,48,5,41,2,12,11,22,1113
26/12/2021,33,83,187,9,3,94,504,87,9,17,147,32,30,75,78,6,7,3,82,29,22,12,182,91,38,63,4,38,5,11,17,14,2012
27/12/2021,231,495,728,23,10,444,2126,249,25,84,544,50,66,244,703,38,68,41,372,66,74,105,366,255,79,211,94,157,13,65,151,83,8260
28/12/2021,164,461,776,22,13,537,2729,292,15,85,644,52,93,260,873,44,41,44,488,62,81,120,505,357,110,230,115,194,22,55,221,126,9831
29/12/2021,163,510,1065,26,19,696,3201,379,20,97,545,57,135,284,1019,45,87,49,597,91,101,176,557,409,152,278,114,275,20,68,271,121,11627
30/12/2021,161,504,1005,26,24,675,3602,414,36,134,592,56,123,358,1002,42,111,66,633,87,114,194,668,563,216,288,143,377,25,79,294,168,12780
31/12/2021,141,469,871,14,23,587,2849,308,59,115,481,70,118,348,891,44,77,65,574,107,87,151,670,533,257,257,152,351,12,104,295,217,11297
01/01/2022,38,119,324,15,5,114,975,112,24,31,109,19,31,151,195,16,23,30,195,58,51,65,397,181,64,71,34,159,9,38,55,48,3756
02/01/2022,78,179,425,32,14,177,1622,161,49,52,270,55,74,201,300,30,35,55,201,80,73,85,520,285,127,184,60,185,17,78,87,70,5861
03/01/2022,404,936,1510,95,34,1185,6184,629,125,321,889,151,241,903,1934,149,214,201,1146,212,238,502,890,1281,627,568,493,671,51,299,713,488,24284
04/01/2022,452,1243,1755,109,89,1530,8824,837,234,444,1271,257,416,1189,2476,157,193,274,1517,344,328,579,1297,1683,810,761,502,819,93,357,844,630,32314
05/01/2022,511,1557,1665,124,153,1804,10860,1099,213,489,1552,318,473,1515,2818,231,224,377,1955,421,339,757,1436,2312,1062,917,639,987,93,437,933,759,39030
06/01/2022,583,1666,1823,117,205,1841,10933,1242,273,593,1700,368,449,1761,3383,232,256,487,2354,454,369,842,1454,2746,1192,950,844,1161,151,505,939,805,42678
07/01/2022,504,1793,2080,139,235,1951,11680,1273,262,634,1808,412,545,1939,3678,285,286,466,2729,476,450,939,1265,3461,1294,1166,830,1432,128,653,1063,796,46652
08/01/2022,161,609,837,85,158,571,6029,681,69,247,1111,235,246,794,1193,183,160,244,1130,362,245,252,916,2460,528,490,726,577,65,339,343,613,22659
09/01/2022,116,404,596,101,133,413,5228,705,235,245,908,315,286,747,927,141,170,238,1093,234,239,406,982,1335,378,511,310,547,57,363,310,380,19053
10/01/2022,683,2262,2173,158,376,2331,15587,2053,515,1084,2801,650,758,3356,5673,611,589,915,5205,772,732,1249,1624,4725,1782,1694,2035,2355,202,1084,1554,1248,68836
11/01/2022,860,2761,1985,259,349,2119,16796,2249,643,1080,2842,846,906,3345,6701,674,672,887,4872,742,834,1299,1657,4023,2024,1836,2291,2157,234,1132,1478,1317,71870
12/01/2022,801,3064,1657,273,431,1934,17781,2248,632,1044,3264,1077,1012,3826,7148,779,632,901,5145,890,945,1394,1580,4167,2164,1899,2483,2141,266,1196,1663,1209,75646
13/01/2022,706,2699,1659,245,422,2051,16661,2268,677,904,3270,942,1022,4265,7115,869,760,1092,4894,1042,936,1630,1684,3929,2251,1897,2402,2336,253,1240,1526,1288,74935
14/01/2022,856,2668,1473,340,482,2180,16905,2312,625,1043,2932,938,944,4037,7212,795,730,1027,4890,908,888,1605,1227,3947,2109,1580,2725,1989,230,1345,1346,1160,73448
15/01/2022,190,675,597,143,506,556,8126,1124,276,300,958,462,474,1245,1753,327,423,461,1913,546,492,849,744,2583,1101,660,1361,872,128,775,357,446,31423
16/01/2022,171,471,346,125,347,365,5619,668,438,170,740,557,461,1255,1500,461,600,318,1467,420,490,623,442,1702,992,747,587,543,87,615,236,304,23867
17/01/2022,1522,2749,1618,291,712,2443,16984,2283,786,1026,2959,1103,1253,4419,8037,983,666,1263,6496,1188,1192,2224,1118,3167,2327,1767,3405,2020,365,1680,1913,1315,81274
18/01/2022,1326,1887,1266,291,540,2171,16159,2241,791,823,2938,961,1141,3914,7443,949,631,1101,6047,1260,1235,2460,1126,3096,1903,1630,3062,1931,440,1622,1616,1280,75281
19/01/2022,1009,1549,1083,306,484,1808,16742,2123,877,776,2961,836,1040,3369,6448,731,644,1117,5725,1301,1203,2283,1203,2752,1785,1529,2914,1591,456,1790,1428,1063,70926
20/01/2022,1136,1318,1028,382,830,1643,15491,1869,824,699,2672,826,882,3174,6028,749,594,1082,4793,1204,1247,2261,769,2772,1447,1542,2106,1492,483,1781,1516,1079,65719
21/01/2022,802,1159,912,343,501,1800,14434,1524,637,426,2423,688,871,2784,5550,607,674,870,3473,1190,1280,1641,652,2734,1422,1557,1841,1082,447,1284,1381,937,57926
22/01/2022,96,354,475,103,478,456,6998,640,315,121,972,345,490,1093,1796,271,468,456,1356,621,596,494,404,1642,738,744,619,555,165,789,247,308,25205
23/01/2022,130,230,219,143,319,666,4338,509,409,112,1004,283,637,884,1309,195,287,358,911,524,609,394,234,1176,574,491,342,366,159,787,235,178,19012
24/01/2022,988,1091,1015,373,746,2022,13381,1608,974,622,3171,767,1009,3244,5801,692,668,864,4812,1507,1510,1619,537,2252,1521,1733,1703,1315,580,1947,1390,795,62257
25/01/2022,952,861,763,412,811,1638,10920,1341,824,371,2537,773,851,2337,4331,613,638,719,3932,1375,1423,1431,443,1916,1143,1337,1488,1148,551,1686,1069,633,51267
26/01/2022,762,595,631,369,604,1425,10583,1095,883,305,2383,633,766,2053,3756,578,525,653,3185,1427,1371,1342,372,1921,1068,1173,1164,988,550,1736,1030,552,46478
27/01/2022,882,544,672,307,607,1317,8818,901,756,257,2148,704,896,2003,3477,500,641,637,2518,1058,1360,1232,351,1460,969,1072,1013,965,490,1718,713,458,41444
28/01/2022,654,460,633,252,583,1167,8186,698,637,290,1653,526,723,1703,3466,463,445,542,2087,1077,1194,1088,261,1187,904,964,954,725,458,1442,771,365,36558
29/01/2022,156,174,257,124,352,223,4049,327,288,109,1388,295,355,668,1153,197,491,259,896,606,633,336,157,652,471,421,261,300,128,600,161,172,16659
30/01/2022,103,150,164,138,469,256,2540,255,388,58,850,264,343,622,1032,138,231,207,862,389,453,230,122,270,307,337,120,201,152,538,117,114,12420
31/01/2022,833,589,719,339,488,1189,6871,600,711,271,1526,560,972,2030,3880,617,560,540,2609,1124,1199,1098,222,1089,956,1067,808,882,540,1560,686,376,37511
01/02/2022,559,358,435,289,447,909,5963,447,618,190,1698,516,687,1338,2587,415,224,459,1692,921,1172,875,163,809,690,871,584,663,454,1643,510,309,29495
02/02/2022,407,266,408,264,448,828,5152,466,540,153,1498,451,671,1244,2351,414,312,391,1441,874,1121,775,150,854,665,778,551,547,355,1523,499,261,26658
03/02/2022,467,297,381,285,473,515,5077,269,477,107,1107,398,517,1152,2216,340,274,337,1050,776,983,647,135,607,585,608,479,425,348,1259,395,232,23218
04/02/2022,377,262,345,178,530,530,4615,231,374,135,793,356,485,985,2081,302,358,269,665,658,963,530,99,496,436,548,403,276,282,988,354,155,20059
05/02/2022,69,69,149,51,341,172,2079,85,182,59,621,149,249,371,717,123,234,133,327,374,438,139,59,257,180,230,81,222,93,426,63,51,8793
06/02/2022,48,88,89,63,295,108,1415,79,155,31,393,116,263,332,535,89,200,110,202,232,351,136,30,104,103,181,49,109,151,362,56,67,6542
07/02/2022,171,91,129,125,284,247,1546,84,298,41,623,184,366,584,924,179,155,152,315,409,539,202,56,230,165,242,150,220,206,619,49,27,9612
08/02/2022,419,248,366,188,439,497,4036,229,398,86,1343,310,477,882,1929,407,326,362,763,700,979,570,68,438,446,589,243,308,392,973,302,151,19864
09/02/2022,282,193,292,141,291,316,3077,206,273,69,796,228,385,559,1371,288,136,259,647,595,876,395,71,316,390,457,227,266,309,918,208,98,14935
10/02/2022,274,173,268,128,366,265,2767,189,244,65,629,195,369,457,1273,308,158,209,547,599,799,423,57,355,299,363,221,270,247,852,185,102,13656
11/02/2022,244,151,252,95,274,366,2707,127,163,62,440,149,399,613,1137,230,200,200,506,474,693,327,49,301,218,285,206,238,250,835,180,99,12470
12/02/2022,46,80,83,48,202,144,1153,34,71,24,504,82,218,264,423,102,142,98,209,257,311,94,29,184,115,134,53,90,104,396,112,43,5849
13/02/2022,20,69,68,34,232,84,777,27,130,13,681,59,190,307,323,67,83,63,115,187,248,78,20,77,257,102,29,70,93,274,62,59,4898
14/02/2022,266,178,261,147,253,355,2405,117,188,43,927,144,434,762,1337,286,222,229,449,442,661,328,52,303,425,359,164,255,325,831,148,77,13373
15/02/2022,239,112,231,77,408,328,2050,86,169,44,957,132,288,333,862,206,117,158,281,316,559,245,26,217,451,229,119,150,196,577,103,113,10379
16/02/2022,196,83,199,83,206,230,2126,93,148,34,747,123,272,370,887,174,123,166,304,310,496,226,24,167,415,217,146,151,197,605,112,38,9668
17/02/2022,248,84,178,90,228,183,2070,57,112,33,625,106,339,405,815,157,224,130,320,302,485,247,32,222,334,170,106,122,135,559,77,43,9238
18/02/2022,143,94,201,44,272,149,1923,55,107,31,538,104,243,350,781,131,149,112,225,234,412,194,31,162,235,194,98,95,133,517,77,62,8096
19/02/2022,65,32,45,18,166,22,918,22,47,10,95,48,97,169,273,41,163,35,100,139,222,60,17,120,183,93,30,47,80,233,21,44,3655
20/02/2022,20,37,37,45,148,19,658,23,40,7,161,40,160,170,249,40,94,48,62,132,166,58,13,47,135,164,12,42,41,223,6,65,3162
21/02/2022,202,103,205,88,119,131,1709,82,117,29,327,81,223,351,779,157,127,94,258,287,506,240,32,172,287,255,129,109,143,609,94,42,8087
22/02/2022,162,65,167,52,215,99,1401,48,93,23,233,57,187,237,610,104,88,112,212,198,405,196,34,137,202,166,73,82,150,456,55,94,6413
23/02/2022,159,68,162,41,161,101,1218,43,83,23,188,48,158,235,570,105,61,99,197,217,484,171,30,118,202,104,85,96,104,468,68,51,5918
24/02/2022,157,36,138,63,185,80,1095,43,54,21,388,71,116,167,485,105,53,87,149,174,388,139,31,99,191,145,52,45,112,398,57,63,5387
25/02/2022,82,41,123,27,144,79,1085,34,60,23,236,34,100,144,370,70,71,55,120,151,289,122,23,79,176,109,66,57,60,328,55,45,4458
26/02/2022,21,17,18,9,90,10,502,20,25,10,42,21,47,51,124,20,23,20,41,79,131,27,8,47,80,31,18,24,20,135,12,35,1758
27/02/2022,11,13,48,10,190,15,294,19,18,3,32,16,38,47,79,30,30,13,41,76,103,21,11,29,56,31,9,22,25,144,9,15,1498
28/02/2022,482,62,153,31,104,73,1021,58,57,22,143,38,142,197,455,100,99,55,141,183,338,138,24,99,156,125,43,51,120,356,57,58,5181
01/03/2022,70,38,75,24,102,87,836,47,51,18,102,34,97,101,314,51,49,49,90,100,252,96,21,82,117,79,31,96,74,289,49,88,3609
02/03/2022,77,32,84,23,17,60,756,41,36,19,101,23,95,134,277,36,28,38,89,98,217,78,10,39,127,62,43,74,65,288,40,26,3133
03/03/2022,63,47,88,25,41,191,642,32,32,14,65,22,90,141,320,26,75,39,97,85,223,89,15,63,115,68,29,78,56,267,23,44,3205
04/03/2022,72,60,64,35,19,61,653,31,26,13,78,25,54,94,258,44,26,26,66,88,181,70,16,59,108,49,35,52,51,240,27,43,2724
05/03/2022,14,14,21,3,8,22,314,25,10,5,44,9,31,33,88,22,15,12,29,53,69,21,4,17,43,25,9,26,28,65,10,8,1097
06/03/2022,11,12,22,4,6,13,239,15,5,1,31,12,30,27,63,8,13,9,26,48,68,18,13,8,26,13,11,15,8,95,10,10,890
07/03/2022,120,37,63,30,25,86,645,35,41,24,91,25,95,105,286,60,23,15,64,89,186,89,11,59,104,76,31,58,57,299,49,14,2992
08/03/2022,73,20,68,20,30,66,513,39,20,9,76,21,54,70,240,24,23,20,71,78,134,88,5,48,66,97,22,65,47,275,25,8,2415
09/03/2022,101,25,56,19,23,72,546,47,19,20,87,15,39,91,177,33,26,16,50,77,138,41,12,53,66,111,17,50,46,257,26,27,2383
10/03/2022,77,63,43,17,20,52,516,38,22,6,98,13,58,81,191,38,15,14,30,83,142,55,7,32,70,87,8,92,34,185,28,11,2226
11/03/2022,77,45,30,10,2,62,478,25,14,10,58,14,40,60,154,23,19,14,22,63,114,129,9,29,46,37,14,34,21,172,13,8,1846
12/03/2022,7,6,18,2,9,6,237,13,6,3,26,6,18,22,54,20,17,5,15,27,58,28,9,14,16,11,4,12,15,52,2,2,740
13/03/2022,8,9,19,6,1,10,140,12,10,2,21,10,13,18,49,17,15,14,15,31,43,33,1,5,25,11,22,16,22,68,6,3,675
14/03/2022,112,52,45,19,14,87,521,30,22,14,77,20,43,108,206,24,32,15,63,74,114,74,13,34,67,34,20,23,46,182,41,9,2235
15/03/2022,106,48,49,13,19,78,465,18,12,8,54,13,43,82,124,27,55,16,46,33,100,50,15,39,37,15,17,16,27,203,24,10,1862
16/03/2022,56,49,38,10,6,22,328,30,11,2,55,15,74,49,127,18,50,11,40,46,75,52,13,36,52,18,14,20,20,166,24,5,1532
17/03/2022,68,36,43,6,9,23,394,14,11,6,58,13,75,34,136,24,19,11,46,43,75,27,7,31,44,18,21,18,26,122,10,30,1498
18/03/2022,53,29,32,7,5,24,344,15,8,5,44,9,62,44,122,11,21,10,50,46,84,45,11,28,31,13,11,20,17,100,15,0,1316
19/03/2022,4,4,15,4,13,8,190,5,8,1,14,2,11,5,30,5,5,2,14,12,34,17,8,13,12,10,3,4,6,54,2,0,515
20/03/2022,4,4,8,5,10,8,86,3,4,0,10,3,5,11,28,1,2,3,13,9,17,6,5,4,18,7,0,7,5,35,1,0,322
21/03/2022,7,7,14,8,4,9,154,6,13,4,13,7,74,14,43,9,12,2,19,14,46,8,4,10,19,1,4,4,10,40,1,1,581
22/03/2022,79,49,33,18,4,40,422,13,23,14,48,17,42,45,171,24,33,13,67,57,63,56,21,36,55,12,18,16,16,125,31,9,1670
23/03/2022,61,35,45,15,11,34,354,17,17,11,39,7,20,65,148,20,13,18,35,27,41,40,10,29,35,20,5,25,12,96,16,15,1336
24/03/2022,67,44,33,8,12,28,334,5,15,8,51,7,22,50,122,13,11,9,38,29,57,29,13,26,28,13,7,18,18,102,12,7,1236
25/03/2022,75,35,30,5,15,21,302,14,8,10,32,6,53,36,137,14,11,11,20,33,45,20,11,34,29,11,2,18,33,67,8,7,1153
26/03/2022,3,9,5,5,20,3,108,3,7,1,9,0,9,9,42,2,4,5,11,7,19,5,3,9,25,5,4,14,4,39,4,2,395
27/03/2022,4,5,6,5,5,0,123,8,6,1,10,3,3,8,45,4,2,10,7,11,20,5,6,1,12,6,1,7,5,27,1,0,357
28/03/2022,70,53,22,12,3,36,326,17,14,20,25,14,78,64,173,8,26,17,31,41,59,26,16,43,26,23,10,17,20,105,15,6,1416
29/03/2022,56,35,21,19,11,28,301,6,9,11,45,8,25,52,132,10,23,16,28,37,60,30,12,39,30,14,8,22,7,89,16,14,1214
30/03/2022,75,26,17,12,8,36,288,7,16,13,22,12,25,62,125,11,20,33,37,22,43,28,18,21,11,19,8,20,8,90,15,7,1155
31/03/2022,46,28,28,6,16,28,227,16,15,12,42,4,18,50,114,9,17,11,25,18,47,24,8,24,46,14,6,23,10,76,14,3,1025
01/04/2022,39,21,26,5,2,11,223,5,7,2,21,6,8,26,91,8,7,7,19,17,34,9,11,22,28,10,6,9,28,38,11,7,764
02/04/2022,8,5,6,3,4,3,138,2,10,0,10,1,5,13,25,3,4,4,7,7,21,1,10,9,8,5,2,5,2,15,2,2,340
03/04/2022,2,5,9,5,0,5,83,1,6,0,9,1,4,11,37,0,12,9,4,8,15,1,9,7,10,2,2,2,2,16,2,1,280
04/04/2022,47,33,30,13,4,29,267,10,17,10,23,5,13,44,121,11,40,15,14,22,57,12,12,29,36,13,2,9,9,53,20,5,1025
05/04/2022,33,38,20,3,16,14,207,6,12,10,29,9,17,39,71,6,9,18,16,40,22,10,22,22,18,16,8,17,11,25,11,3,798
06/04/2022,42,29,16,4,9,29,240,9,8,2,16,1,6,32,74,6,19,8,22,22,29,16,13,18,25,14,2,21,2,37,23,2,796
07/04/2022,34,33,41,4,2,25,221,5,12,2,18,7,10,35,73,3,32,6,14,22,27,7,8,14,18,10,2,20,9,33,13,3,763
08/04/2022,28,24,13,3,13,20,192,4,16,4,21,2,7,21,53,5,48,4,23,23,34,13,15,12,43,12,3,17,3,31,20,0,727
09/04/2022,0,7,6,0,7,6,114,3,5,2,5,2,1,7,27,0,7,6,5,10,17,3,14,6,23,1,4,6,2,14,4,1,315
10/04/2022,1,1,0,3,11,3,71,6,6,2,6,1,6,4,33,1,25,0,7,6,13,2,6,13,6,4,0,5,0,16,1,1,260
11/04/2022,34,27,28,8,8,20,188,5,12,7,14,0,15,30,73,11,36,10,20,26,22,16,18,32,25,6,13,14,5,46,24,5,798
12/04/2022,46,25,19,1,6,20,217,10,3,2,12,1,5,19,62,12,11,8,13,18,23,13,10,8,12,7,9,10,7,42,17,2,670
13/04/2022,33,21,11,3,6,15,248,3,2,3,6,3,6,15,73,2,10,4,9,20,26,5,10,12,20,4,4,7,3,30,23,1,638
14/04/2022,1,6,12,5,0,2,80,4,3,2,8,2,5,9,18,0,20,3,7,7,8,7,10,7,7,1,2,3,4,17,11,4,275
15/04/2022,1,8,8,2,1,3,50,1,6,0,3,1,5,1,13,1,48,7,11,11,16,4,7,3,3,2,2,2,0,8,1,0,229
16/04/2022,0,4,2,1,3,1,64,3,3,0,3,1,1,4,22,1,26,1,5,8,9,2,2,10,1,2,1,3,3,9,2,0,197
17/04/2022,3,2,11,3,3,0,53,3,4,1,2,3,5,9,18,3,23,3,6,8,5,3,7,8,0,7,0,5,1,16,6,1,222
18/04/2022,39,24,17,7,2,23,311,2,14,3,21,4,8,19,69,6,12,9,23,27,22,16,28,19,37,12,3,17,6,39,39,2,880
19/04/2022,24,27,13,2,2,16,184,3,5,2,8,3,4,23,74,4,14,5,12,18,14,14,8,14,29,15,3,7,4,22,26,1,600
20/04/2022,34,30,11,2,8,14,219,3,3,5,29,7,11,19,71,6,15,2,7,37,19,14,13,21,30,11,7,22,4,55,20,0,749
21/04/2022,24,10,14,4,15,15,199,4,9,3,7,8,2,17,40,3,13,2,5,24,21,7,10,19,24,6,6,10,4,31,24,1,581
22/04/2022,28,7,26,0,8,19,187,1,2,6,18,2,3,12,53,4,17,4,8,23,19,18,9,9,12,7,1,8,2,22,31,3,569
23/04/2022,3,2,8,1,15,8,100,4,1,1,4,0,2,9,22,1,25,1,5,7,10,3,6,6,8,1,0,3,1,11,3,1,272
24/04/2022,1,3,4,3,5,1,137,2,2,1,3,0,1,10,15,2,54,2,4,8,11,0,12,4,3,2,1,1,2,22,5,2,323
25/04/2022,59,25,23,5,6,18,226,4,4,17,18,5,16,31,70,8,26,12,21,30,26,11,17,18,14,11,2,10,8,56,48,8,853
26/04/2022,25,24,26,1,4,10,211,4,9,9,12,6,3,20,39,6,15,5,7,24,15,11,7,16,15,12,4,7,4,78,39,3,671
27/04/2022,21,24,21,5,6,9,225,6,6,1,9,4,2,25,42,6,15,6,9,23,13,8,10,24,19,9,5,10,5,54,30,6,658
28/04/2022,40,21,19,5,20,13,172,2,2,2,10,3,7,22,40,3,7,10,6,22,16,9,11,18,22,5,12,12,4,40,26,1,602
29/04/2022,31,21,10,2,10,9,140,2,4,2,9,3,4,22,27,5,33,5,8,30,15,10,7,13,15,5,3,4,0,53,28,4,534
30/04/2022,4,3,3,2,11,0,80,0,4,0,3,1,2,12,4,2,37,1,8,6,4,2,12,6,13,0,2,3,2,6,5,0,238
